,,INC NUMBER,INC NUMBER,INC NUMBER,INC NUMBER,OCCURRED ON,OCCURRED ON,OCCURRED ON,OCCURRED ON,OCCURRED TO,OCCURRED TO,OCCURRED TO,OCCURRED TO,100 BLOCK ADDR,100 BLOCK ADDR,100 BLOCK ADDR,100 BLOCK ADDR,PREMISE TYPE,PREMISE TYPE,PREMISE TYPE,PREMISE TYPE
,,count,unique,top,freq,count,unique,top,freq,count,unique,top,freq,count,unique,top,freq,count,unique,top,freq
UCR CRIME CATEGORY,ZIP,,,,,,,,,,,,,,,,,,,,
AGGRAVATED ASSAULT,85003.0,120,120,201600000385800,1,120,120,07/10/2016  20:45,1,58,58,05/15/2017  17:22,1,120,84,12XX S 7TH AVE,5,119,27,STREET / ROADWAY / ALLEY / SIDEWALK,42
AGGRAVATED ASSAULT,85004.0,119,119,201600000438919,1,119,118,12/19/2015  02:15,2,51,51,11/12/2015  22:23,1,119,71,18XX S 7TH ST,17,118,25,STREET / ROADWAY / ALLEY / SIDEWALK,34
AGGRAVATED ASSAULT,85006.0,248,248,201700000154584,1,247,247,02/06/2017  00:30,1,104,104,06/25/2016  04:58,1,248,161,11XX E MCDOWELL RD,13,246,27,APARTMENT,65
AGGRAVATED ASSAULT,85007.0,234,234,201500002172035,1,234,234,12/13/2016  23:29,1,120,120,06/29/2017  16:31,1,234,135,2XX S 12TH AVE,16,232,27,STREET / ROADWAY / ALLEY / SIDEWALK,104
AGGRAVATED ASSAULT,85008.0,516,516,201700000620554,1,514,512,04/15/2017  18:00,2,220,220,09/05/2017  02:04,1,516,257,26XX E ROOSEVELT ST,23,512,30,APARTMENT,203
AGGRAVATED ASSAULT,85009.0,482,482,201700001228212,1,479,479,06/07/2017  00:00,1,234,234,07/22/2017  10:40,1,482,310,10XX N 43RD AVE,9,478,38,SINGLE FAMILY HOUSE,128
AGGRAVATED ASSAULT,85012.0,41,41,201700000956283,1,41,41,11/26/2015  20:35,1,20,20,06/06/2017  11:54,1,41,27,3XX E INDIAN SCHOOL RD,7,41,16,APARTMENT,13
AGGRAVATED ASSAULT,85013.0,161,161,201600000231817,1,161,161,12/31/2016  23:00,1,73,73,08/23/2017  00:00,1,161,83,3XX W THOMAS RD,17,161,29,APARTMENT,45
AGGRAVATED ASSAULT,85014.0,142,142,201700000538190,1,142,142,10/21/2017  22:40,1,52,52,08/01/2016  02:00,1,142,96,51XX N 15TH ST,5,142,18,APARTMENT,69
AGGRAVATED ASSAULT,85015.0,476,476,201700001915328,1,474,473,03/11/2016  13:59,2,222,222,07/17/2017  19:06,1,476,187,20XX W INDIAN SCHOOL RD,29,475,39,APARTMENT,180
AGGRAVATED ASSAULT,85016.0,172,172,201500002426727,1,172,172,06/04/2017  01:23,1,86,86,06/18/2017  00:09,1,172,113,29XX E INDIAN SCHOOL RD,10,169,26,APARTMENT,65
AGGRAVATED ASSAULT,85017.0,476,476,201600002157460,1,472,470,05/13/2017  00:00,2,262,262,10/11/2017  13:07,1,476,211,42XX N 35TH AVE,27,475,35,APARTMENT,155
AGGRAVATED ASSAULT,85018.0,158,158,201700001146474,1,157,157,06/10/2016  19:50,1,67,67,11/25/2015  19:48,1,158,99,32XX E PINCHOT AVE,10,156,21,APARTMENT,51
AGGRAVATED ASSAULT,85019.0,258,258,201600000912533,1,257,257,02/01/2017  13:00,1,136,136,06/15/2016  12:57,1,258,147,40XX W CAMELBACK RD,18,257,24,STREET / ROADWAY / ALLEY / SIDEWALK,67
AGGRAVATED ASSAULT,85020.0,214,214,201700000273596,1,213,213,02/09/2017  22:00,1,127,127,06/16/2017  14:30,1,214,133,2XX E DUNLAP AVE,24,214,26,APARTMENT,62
AGGRAVATED ASSAULT,85021.0,329,329,201700001474921,1,329,329,09/28/2017  14:09,1,172,172,06/26/2017  02:08,1,329,150,89XX N 19TH AVE,16,329,34,APARTMENT,129
AGGRAVATED ASSAULT,85022.0,213,213,201600000802912,1,213,213,12/24/2015  15:01,1,134,134,04/22/2017  13:43,1,213,112,162XX N 7TH ST,18,213,22,APARTMENT,80
AGGRAVATED ASSAULT,85023.0,185,185,201700000973961,1,184,184,04/06/2017  22:00,1,105,105,12/08/2015  10:30,1,185,97,11XX W BELL RD,16,185,25,APARTMENT,56
AGGRAVATED ASSAULT,85024.0,44,44,201500002159420,1,44,44,01/04/2017  00:00,1,27,27,05/30/2017  15:00,1,44,33,204XX N 7TH ST,3,44,10,STREET / ROADWAY / ALLEY / SIDEWALK,14
AGGRAVATED ASSAULT,85027.0,161,161,201700001862217,1,161,161,03/12/2017  05:00,1,89,89,01/19/2017  21:24,1,161,110,27XX W YORKSHIRE DR,7,160,26,STREET / ROADWAY / ALLEY / SIDEWALK,36
AGGRAVATED ASSAULT,85028.0,28,28,201600000055587,1,28,28,03/15/2017  02:16,1,16,16,03/15/2017  02:16,1,28,22,23XX E SHAW BUTTE DR,3,28,12,SINGLE FAMILY HOUSE,13
AGGRAVATED ASSAULT,85029.0,273,273,201600001914864,1,271,271,10/25/2016  21:00,1,148,148,04/07/2017  15:42,1,273,159,110XX N BILTMORE DR,9,272,28,APARTMENT,84
AGGRAVATED ASSAULT,85031.0,250,250,201700000962087,1,249,249,11/01/2015  18:08,1,119,119,06/06/2017  04:00,1,250,144,51XX W CAMPBELL AVE,18,249,22,SINGLE FAMILY HOUSE,73
AGGRAVATED ASSAULT,85032.0,268,268,201600000098320,1,268,268,04/18/2017  14:18,1,159,159,09/18/2017  22:00,1,268,179,39XX E BELL RD,11,268,34,APARTMENT,69
AGGRAVATED ASSAULT,85033.0,359,359,201700000683921,1,358,358,04/24/2017  16:56,1,178,178,04/24/2017  16:56,1,359,220,70XX W INDIAN SCHOOL RD,35,357,23,SINGLE FAMILY HOUSE,116
AGGRAVATED ASSAULT,85034.0,192,192,201600000764732,1,192,192,03/05/2016  09:20,1,100,100,12/21/2015  04:50,1,192,106,38XX E SKY HARBOR BLVD,11,190,32,APARTMENT,39
AGGRAVATED ASSAULT,85035.0,369,369,201600000394216,1,365,365,11/16/2016  18:28,1,177,177,07/11/2016  00:35,1,369,198,26XX N 45TH AVE,18,366,25,SINGLE FAMILY HOUSE,111
AGGRAVATED ASSAULT,85037.0,228,228,201600002073313,1,228,228,09/18/2017  00:19,1,105,105,09/18/2017  00:19,1,228,164,92XX W THOMAS RD,15,227,19,SINGLE FAMILY HOUSE,119
AGGRAVATED ASSAULT,85040.0,347,347,201600000497284,1,346,344,08/12/2017  00:00,2,185,185,10/18/2016  10:20,1,347,235,44XX S 28TH ST,9,339,27,STREET / ROADWAY / ALLEY / SIDEWALK,104
AGGRAVATED ASSAULT,85041.0,429,429,201700000677995,1,429,429,10/14/2017  20:41,1,214,214,04/28/2017  00:22,1,429,316,80XX S CENTRAL AVE,9,422,30,SINGLE FAMILY HOUSE,167
AGGRAVATED ASSAULT,85042.0,214,214,201600001031244,1,214,214,05/19/2017  21:08,1,118,118,11/11/2015  13:59,1,214,147,38XX E BASELINE RD,9,211,29,SINGLE FAMILY HOUSE,73
AGGRAVATED ASSAULT,85043.0,343,343,201700001437789,1,341,340,12/26/2016  13:00,2,169,169,08/19/2016  22:01,1,343,196,82XX W MCDOWELL RD,20,337,32,SINGLE FAMILY HOUSE,85
AGGRAVATED ASSAULT,85044.0,65,65,201700000681374,1,64,64,10/02/2017  10:53,1,32,32,11/05/2016  12:06,1,65,46,132XX S 48TH ST,5,62,13,APARTMENT,27
AGGRAVATED ASSAULT,85045.0,4,4,201600002313185,1,4,4,02/19/2017  00:00,1,2,2,04/23/2017  01:21,1,4,3,27XX W REDWOOD LN,2,4,1,SINGLE FAMILY HOUSE,4
AGGRAVATED ASSAULT,85048.0,44,44,201600002059880,1,44,43,05/01/2017  03:00,2,27,27,10/01/2017  15:00,1,44,36,27XX E LIBERTY LN,4,43,9,SINGLE FAMILY HOUSE,16
AGGRAVATED ASSAULT,85050.0,28,28,201600002220473,1,28,28,03/14/2016  21:00,1,17,17,05/26/2016  16:00,1,28,24,186XX N CAVE CREEK RD,2,28,10,SINGLE FAMILY HOUSE,9
AGGRAVATED ASSAULT,85051.0,389,389,201700001538075,1,385,385,09/09/2016  21:17,1,199,199,10/04/2017  22:26,1,389,199,34XX W DUNLAP AVE,22,386,30,APARTMENT,113
AGGRAVATED ASSAULT,85053.0,145,145,201600001294318,1,145,143,01/01/2016  12:00,2,73,73,09/06/2017  06:42,1,145,82,140XX N BLACK CANYON FWY,9,144,16,APARTMENT,42
AGGRAVATED ASSAULT,85054.0,21,21,201500002325710,1,21,21,07/25/2016  18:30,1,16,16,04/21/2017  20:30,1,21,13,210XX N TATUM BLVD,7,21,10,APARTMENT,6
AGGRAVATED ASSAULT,85083.0,14,14,201700000652119,1,14,14,09/27/2017  12:00,1,7,7,09/27/2017  12:00,1,14,14,55XX W BUCKHORN TRL,1,14,5,SINGLE FAMILY HOUSE,7
AGGRAVATED ASSAULT,85085.0,26,26,201600001571076,1,26,26,03/12/2017  08:49,1,19,19,10/09/2017  02:24,1,26,23,25XX W HAPPY VALLEY RD,2,26,9,APARTMENT,7
AGGRAVATED ASSAULT,85086.0,13,13,201700001136579,1,13,13,07/09/2016  08:00,1,7,7,10/13/2016  23:10,1,13,11,31XX W CAREFREE HWY,2,13,8,SINGLE FAMILY HOUSE,3
AGGRAVATED ASSAULT,85087.0,5,5,201700001210793,1,5,5,04/27/2017  15:35,1,3,3,04/27/2017  15:35,1,5,5,44XX W FAULL DR,1,5,2,SINGLE FAMILY HOUSE,4
AGGRAVATED ASSAULT,85201.0,1,1,201600000205014,1,1,1,01/25/2016  07:50,1,1,1,02/02/2016  17:30,1,1,1,5XX W 9TH ST,1,1,1,UNKNOWN,1
AGGRAVATED ASSAULT,85202.0,1,1,201700002019161,1,1,1,11/11/2017  00:01,1,1,1,11/15/2017  22:00,1,1,1,14XX S DOBSON RD,1,1,1,APARTMENT,1
AGGRAVATED ASSAULT,85212.0,1,1,201700001914332,1,1,1,10/30/2017  19:10,1,1,1,10/30/2017  19:10,1,1,1,60XX S SOSSAMAN RD,1,1,1,OTHER,1
AGGRAVATED ASSAULT,85224.0,1,1,201600001266945,1,1,1,07/09/2016  18:30,1,0,0,,,1,1,19XX W FRYE RD,1,1,1,STREET / ROADWAY / ALLEY / SIDEWALK,1
AGGRAVATED ASSAULT,85251.0,1,1,201600002080590,1,1,1,11/08/2016  19:28,1,0,0,,,1,1,74XX E OSBORN RD,1,1,1,STREET / ROADWAY / ALLEY / SIDEWALK,1
AGGRAVATED ASSAULT,85253.0,1,1,201700000459974,1,1,1,03/13/2017  00:00,1,1,1,03/14/2017  12:25,1,1,1,104XX N 57TH ST,1,1,1,NURSING CARE,1
AGGRAVATED ASSAULT,85254.0,58,58,201600001869821,1,58,58,05/14/2016  08:00,1,25,25,11/14/2017  07:34,1,58,46,55XX E THUNDERBIRD RD,4,58,15,SINGLE FAMILY HOUSE,22
AGGRAVATED ASSAULT,85255.0,2,2,201700000341925,1,2,2,02/25/2017  23:00,1,1,1,02/25/2017  23:00,1,2,2,74XX E THOMPSON PEAK PKWY,1,2,2,APARTMENT,1
AGGRAVATED ASSAULT,85281.0,1,1,201600002017230,1,1,1,10/30/2016  02:00,1,1,1,10/30/2016  04:00,1,1,1,15XX N PROJECT DR,1,1,1,STREET / ROADWAY / ALLEY / SIDEWALK,1
AGGRAVATED ASSAULT,85282.0,1,1,201700001410454,1,1,1,08/12/2017  15:20,1,0,0,,,1,1,E VINEYARD RD & S 48TH ST,1,1,1,STREET / ROADWAY / ALLEY / SIDEWALK,1
AGGRAVATED ASSAULT,85283.0,1,1,201600001657668,1,1,1,09/06/2016  00:00,1,0,0,,,1,1,18XX W BASELINE RD,1,1,1,VEHICLE,1
AGGRAVATED ASSAULT,85301.0,6,6,201600000925028,1,6,6,05/04/2016  15:06,1,2,2,12/27/2015  09:03,1,6,6,51XX W CAMELBACK RD,1,5,4,STREET / ROADWAY / ALLEY / SIDEWALK,2
AGGRAVATED ASSAULT,85302.0,1,1,201700000487560,1,1,1,03/19/2017  22:30,1,0,0,,,1,1,43XX W OLIVE AVE,1,1,1,STREET / ROADWAY / ALLEY / SIDEWALK,1
AGGRAVATED ASSAULT,85303.0,1,1,201700000698166,1,1,1,04/22/2017  20:20,1,1,1,04/22/2017  20:30,1,1,1,58XX N 67TH AVE,1,1,1,APARTMENT,1
AGGRAVATED ASSAULT,85304.0,17,17,201600001806224,1,17,17,03/31/2017  21:43,1,10,10,03/31/2017  21:43,1,17,15,45XX W ALTADENA AVE,2,17,6,SINGLE FAMILY HOUSE,8
AGGRAVATED ASSAULT,85305.0,1,1,201700001675260,1,1,1,09/23/2017  16:30,1,1,1,09/23/2017  19:33,1,1,1,83XX W CAMELBACK RD,1,1,1,VEHICLE,1
AGGRAVATED ASSAULT,85306.0,19,19,201700000646959,1,19,19,07/26/2017  12:45,1,11,11,11/17/2015  06:00,1,19,16,142XX N 51ST AVE,2,19,8,SINGLE FAMILY HOUSE,6
AGGRAVATED ASSAULT,85307.0,11,11,201700000538357,1,11,11,10/21/2016  22:52,1,4,4,10/02/2016  19:17,1,11,6,99XX W CAMELBACK RD,6,11,7,APARTMENT,4
AGGRAVATED ASSAULT,85308.0,74,74,201700000317160,1,74,74,08/26/2017  16:10,1,26,26,11/18/2015  10:05,1,74,54,42XX W UNION HILLS DR,6,74,12,SINGLE FAMILY HOUSE,32
AGGRAVATED ASSAULT,85310.0,14,14,201600000925704,1,14,14,05/19/2016  16:29,1,10,10,04/27/2017  17:00,1,14,13,41XX W CHAMA DR,2,14,5,SINGLE FAMILY HOUSE,7
AGGRAVATED ASSAULT,85331.0,7,7,201600001557724,1,7,7,11/29/2016  10:30,1,5,5,03/19/2016  00:45,1,7,7,59XX E SIENNA BOUQUET PL,1,7,4,SINGLE FAMILY HOUSE,4
AGGRAVATED ASSAULT,85339.0,168,168,201800001966490,1,168,168,07/30/2016  21:39,1,79,79,01/31/2017  22:50,1,168,132,51XX W BASELINE RD,8,167,23,SINGLE FAMILY HOUSE,78
AGGRAVATED ASSAULT,85353.0,111,111,201500002379975,1,110,110,10/30/2017  23:43,1,61,61,02/05/2017  15:29,1,111,95,31XX S 87TH DR,3,109,10,SINGLE FAMILY HOUSE,66
AGGRAVATED ASSAULT,85383.0,1,1,201700001746542,1,1,1,09/29/2017  08:00,1,1,1,09/29/2017  22:00,1,1,1,87XX W HARBOR BLVD,1,1,1,LAKE / WATERWAY / BEACH,1
AGGRAVATED ASSAULT,85392.0,2,2,201600000514990,1,2,2,03/20/2016  01:57,1,1,1,04/12/2017  18:05,1,2,2,130XX W RANCHO SANTA FE BLVD,1,2,2,STREET / ROADWAY / ALLEY / SIDEWALK,1
AGGRAVATED ASSAULT,85395.0,1,1,201600000001191,1,1,1,01/01/2016  01:30,1,1,1,01/01/2016  01:45,1,1,1,136XX W MCDOWELL RD,1,1,1,SINGLE FAMILY HOUSE,1
ARSON,85003.0,7,7,201700000393850,1,7,7,04/07/2016  00:38,1,3,3,04/07/2016  00:38,1,7,7,3XX W PAPAGO ST,1,4,4,STREET / ROADWAY / ALLEY / SIDEWALK,1
ARSON,85004.0,4,4,201700001475519,1,4,4,12/31/2015  21:53,1,2,2,08/22/2017  23:15,1,4,4,9XX N 5TH ST,1,2,2,APARTMENT,1
ARSON,85006.0,20,20,201700001653856,1,20,20,09/09/2016  00:41,1,10,10,03/27/2017  23:37,1,20,20,11XX E VAN BUREN ST,1,9,6,SINGLE FAMILY HOUSE,3
ARSON,85007.0,21,21,201600002380340,1,21,21,01/25/2017  05:23,1,17,17,08/06/2016  23:22,1,21,18,12XX S 12TH AVE,2,12,8,STREET / ROADWAY / ALLEY / SIDEWALK,4
ARSON,85008.0,45,45,201600001921406,1,44,43,03/25/2017  14:00,2,28,28,11/19/2016  18:30,1,45,36,47XX E MCDOWELL RD,4,31,13,SINGLE FAMILY HOUSE,6
ARSON,85009.0,25,25,201700001721392,1,25,25,08/13/2017  20:30,1,15,15,09/04/2017  17:00,1,25,24,36XX W GARFIELD ST,2,13,8,PARKING LOT,4
ARSON,85012.0,2,2,201600002346210,1,2,2,12/22/2016  04:40,1,1,1,07/12/2017  14:56,1,2,2,38XX N 4TH ST,1,1,1,VEHICLE,1
ARSON,85013.0,6,6,201700001937956,1,6,6,07/28/2017  05:03,1,2,2,11/03/2017  11:30,1,6,6,3XX W MEDLOCK DR,1,3,3,APARTMENT,1
ARSON,85014.0,7,7,201500002281130,1,7,7,11/28/2015  20:45,1,3,3,08/20/2016  18:09,1,7,7,10XX E MISSOURI AVE,1,5,4,SINGLE FAMILY HOUSE,2
ARSON,85015.0,41,41,201600001954439,1,41,41,08/27/2016  04:43,1,24,24,03/24/2017  03:28,1,41,37,18XX W OCOTILLO RD,2,29,13,APARTMENT,8
ARSON,85016.0,19,19,201600000533514,1,19,19,02/07/2017  03:51,1,10,10,08/29/2017  09:30,1,19,18,25XX E INDIAN SCHOOL RD,2,10,6,STREET / ROADWAY / ALLEY / SIDEWALK,3
ARSON,85017.0,21,21,201700001681654,1,21,21,06/27/2016  18:24,1,8,8,09/30/2017  05:15,1,21,19,61XX N 35TH AVE,2,9,6,STREET / ROADWAY / ALLEY / SIDEWALK,2
ARSON,85018.0,8,8,201600001886704,1,8,8,07/19/2016  13:00,1,7,7,05/09/2016  02:15,1,8,7,32XX E PINCHOT AVE,2,5,4,APARTMENT,2
ARSON,85019.0,18,18,201600002177027,1,18,18,01/24/2017  11:34,1,10,10,03/26/2016  05:47,1,18,18,40XX W CAMELBACK RD,1,12,5,SINGLE FAMILY HOUSE,5
ARSON,85020.0,19,19,201600000419584,1,19,19,04/16/2017  20:58,1,12,12,04/16/2017  20:58,1,19,18,95XX N 7TH ST,2,14,12,SINGLE FAMILY HOUSE,2
ARSON,85021.0,16,16,201500002287604,1,16,16,01/02/2017  09:25,1,7,7,08/15/2016  20:01,1,16,15,83XX N 19TH AVE,2,10,4,PARKING LOT,5
ARSON,85022.0,13,13,201700000911109,1,13,13,02/22/2016  00:55,1,11,11,06/20/2016  12:29,1,13,13,22XX E BEVERLY LN,1,6,3,APARTMENT,3
ARSON,85023.0,15,15,201700001484776,1,15,15,03/03/2017  18:30,1,11,11,10/13/2017  16:13,1,15,12,17XX W BELL RD,3,6,5,HOTEL / MOTEL,2
ARSON,85024.0,5,5,201700000773113,1,5,5,05/04/2017  04:20,1,5,5,09/12/2017  00:08,1,5,3,228XX N 22ND ST,3,4,4,SCHOOL-COLLEGE/UNIVERSITY,1
ARSON,85027.0,11,11,201600000152186,1,11,11,08/17/2016  16:33,1,7,7,09/17/2016  14:09,1,11,11,214XX N 34TH DR,1,5,5,OPEN SPACE / DESERT,1
ARSON,85028.0,6,6,201700001591920,1,6,6,11/21/2016  01:34,1,5,5,09/10/2017  09:00,1,6,6,31XX E MALAPAI DR,1,1,1,CARPORT,1
ARSON,85029.0,18,18,201500002158329,1,18,18,09/18/2017  20:42,1,12,12,09/18/2017  23:40,1,18,17,124XX N 28TH DR,2,12,9,APARTMENT,2
ARSON,85031.0,16,16,201600000910755,1,16,16,06/17/2017  22:15,1,11,11,05/04/2016  15:00,1,16,16,52XX W INDIAN SCHOOL RD,1,9,7,SINGLE FAMILY HOUSE,2
ARSON,85032.0,22,22,201700001697234,1,22,22,07/13/2016  00:01,1,14,14,07/09/2017  13:51,1,22,22,160XX N 25TH ST,1,13,7,SINGLE FAMILY HOUSE,6
ARSON,85033.0,25,25,201700001898437,1,25,25,01/02/2017  07:30,1,18,18,11/11/2017  21:00,1,25,23,43XX N 82ND DR,2,14,10,SINGLE FAMILY HOUSE,3
ARSON,85034.0,12,12,201700000566876,1,12,12,01/27/2017  20:49,1,9,9,11/13/2015  16:59,1,12,12,12XX S 8TH ST,1,5,4,OTHER,2
ARSON,85035.0,20,20,201700001404334,1,20,20,09/15/2016  00:00,1,11,11,09/15/2016  00:00,1,20,20,61XX W THOMAS RD,1,12,9,SINGLE FAMILY HOUSE,3
ARSON,85037.0,13,13,201700000740188,1,13,13,08/20/2017  00:31,1,7,7,07/04/2016  21:29,1,13,13,88XX W WILSHIRE DR,1,8,4,SINGLE FAMILY HOUSE,5
ARSON,85040.0,25,25,201700000347252,1,25,25,10/31/2017  20:05,1,17,17,09/29/2016  13:35,1,25,22,7XX E JONES AVE,2,14,6,SINGLE FAMILY HOUSE,8
ARSON,85041.0,32,32,201700001022697,1,32,32,05/18/2016  13:00,1,16,16,01/15/2017  19:38,1,32,30,32XX W WAYLAND DR,2,21,12,SINGLE FAMILY HOUSE,6
ARSON,85042.0,17,17,201600000766776,1,16,16,11/14/2016  19:39,1,11,11,05/20/2017  04:00,1,17,16,68XX S 44TH WAY,2,9,6,SINGLE FAMILY HOUSE,4
ARSON,85043.0,16,16,201700000795995,1,16,16,10/02/2016  08:54,1,10,10,04/17/2016  06:38,1,16,16,77XX W MCDOWELL RD,1,9,8,SINGLE FAMILY HOUSE,2
ARSON,85044.0,7,7,201600000570137,1,7,7,02/09/2016  16:30,1,4,4,02/10/2016  03:19,1,7,7,132XX S 48TH ST,1,3,2,PARK / PLAYGROUND,2
ARSON,85045.0,2,2,201700001639867,1,2,2,11/12/2016  23:00,1,1,1,11/13/2016  06:00,1,2,2,2XX W MOUNTAIN SKY AVE,1,1,1,OTHER,1
ARSON,85048.0,5,5,201700000617018,1,5,5,04/10/2017  09:09,1,3,3,01/28/2016  07:30,1,5,3,160XX S 30TH ST,3,5,2,PARK / PLAYGROUND,4
ARSON,85050.0,4,4,201600001843136,1,4,4,08/23/2017  08:54,1,4,4,10/03/2016  22:20,1,4,3,222XX N 44TH ST,2,2,1,PARK / PLAYGROUND,2
ARSON,85051.0,30,30,201700001156149,1,30,30,09/03/2017  04:00,1,19,19,09/03/2017  04:15,1,30,29,35XX W DUNLAP AVE,2,20,9,SINGLE FAMILY HOUSE,5
ARSON,85053.0,10,10,201600002376028,1,10,10,08/27/2016  01:18,1,6,6,08/30/2017  07:30,1,10,10,34XX W GROVERS AVE,1,7,4,SINGLE FAMILY HOUSE,3
ARSON,85054.0,1,1,201600001960989,1,1,1,10/21/2016  20:24,1,1,1,10/21/2016  21:00,1,1,1,210XX N TATUM BLVD,1,0,0,,
ARSON,85085.0,2,2,201600001308677,1,2,2,06/20/2016  17:00,1,1,1,06/22/2016  06:00,1,2,1,22XX W MAYA WAY,2,2,1,SCHOOL-COLLEGE/UNIVERSITY,2
ARSON,85086.0,2,2,201700001884472,1,2,2,03/12/2016  01:20,1,1,1,10/26/2017  11:15,1,2,2,N 67TH AVE & N NEW RIVER RD,1,1,1,OPEN SPACE / DESERT,1
ARSON,85087.0,2,2,201700001977748,1,2,2,11/09/2017  18:23,1,1,1,12/09/2015  08:44,1,2,2,438XX N 44TH LN,1,1,1,SCHOOL-ELEMENTARY/SECONDARY,1
ARSON,85254.0,2,2,201700001742081,1,2,2,10/04/2017  09:50,1,1,1,11/23/2015  08:00,1,2,2,67XX E HEARN RD,1,1,1,SCHOOL-COLLEGE/UNIVERSITY,1
ARSON,85304.0,2,2,201600001549654,1,2,2,09/15/2017  05:58,1,0,0,,,2,2,45XX W CORRINE DR,1,1,1,DRIVEWAY,1
ARSON,85306.0,2,2,201700000339717,1,2,2,06/08/2017  12:00,1,1,1,06/08/2017  12:15,1,2,2,144XX N 44TH DR,1,1,1,SINGLE FAMILY HOUSE,1
ARSON,85308.0,7,7,201600002262663,1,7,7,05/23/2017  13:00,1,5,5,05/23/2017  14:00,1,7,7,48XX W GROVERS AVE,1,2,1,VEHICLE,2
ARSON,85310.0,2,2,201700000343977,1,2,2,02/24/2017  16:00,1,1,1,02/25/2017  16:00,1,2,2,238XX N 40TH AVE,1,2,2,FENCED RESIDENTIAL YARD,1
ARSON,85339.0,4,4,201600002006649,1,4,4,10/27/2016  01:50,1,2,2,10/27/2016  01:35,1,4,4,81XX S 48TH LN,1,3,2,PARK / PLAYGROUND,2
ARSON,85353.0,5,5,201600000553931,1,5,5,09/17/2017  04:17,1,3,3,04/30/2017  23:35,1,5,5,90XX W GLOBE AVE,1,4,4,OPEN SPACE / DESERT,1
BURGLARY,85003.0,179,179,201600001305916,1,179,178,10/14/2017  07:00,2,146,145,08/21/2017  06:00,2,179,109,6XX N CENTRAL AVE,5,178,26,SINGLE FAMILY HOUSE,59
BURGLARY,85004.0,142,142,201700000067199,1,142,142,07/05/2016  17:00,1,121,120,02/09/2017  07:00,2,142,81,2XX E ROOSEVELT ST,8,141,31,SINGLE FAMILY HOUSE,29
BURGLARY,85006.0,467,467,201600000351227,1,466,458,01/14/2017  19:00,3,397,394,01/15/2017  09:30,3,467,281,22XX E FILLMORE ST,8,465,37,SINGLE FAMILY HOUSE,237
BURGLARY,85007.0,310,310,201700001780584,1,310,308,10/07/2016  15:00,2,242,241,09/29/2016  15:00,2,310,182,15XX W MCDOWELL RD,12,310,31,SINGLE FAMILY HOUSE,138
BURGLARY,85008.0,933,933,201700000794571,1,931,920,06/16/2017  22:00,2,773,764,04/17/2017  08:00,3,933,418,48XX E ROOSEVELT ST,22,930,36,APARTMENT,340
BURGLARY,85009.0,939,939,201600001171153,1,932,918,03/26/2017  21:00,3,766,762,03/27/2017  06:00,2,939,506,24XX N BLACK CANYON FWY,26,936,42,SINGLE FAMILY HOUSE,436
BURGLARY,85012.0,145,145,201700001068939,1,144,144,08/11/2016  12:00,1,112,112,05/04/2017  06:30,1,145,91,XX W CAMPBELL AVE,9,145,26,SINGLE FAMILY HOUSE,51
BURGLARY,85013.0,483,483,201600002152891,1,483,477,05/23/2016  03:11,2,408,404,02/15/2017  08:00,2,483,288,44XX N 7TH AVE,10,482,31,SINGLE FAMILY HOUSE,230
BURGLARY,85014.0,477,477,201700000718134,1,474,471,07/29/2016  16:00,2,406,406,06/02/2017  09:30,1,477,264,9XX E CAMELBACK RD,14,476,34,SINGLE FAMILY HOUSE,180
BURGLARY,85015.0,1140,1140,201700001901733,1,1139,1120,08/04/2016  23:00,3,953,941,08/08/2016  01:00,3,1140,409,20XX W INDIAN SCHOOL RD,31,1139,40,SINGLE FAMILY HOUSE,390
BURGLARY,85016.0,645,645,201600001335420,1,643,640,11/28/2015  09:00,2,548,544,09/25/2017  10:00,2,645,357,29XX E OSBORN RD,11,644,35,SINGLE FAMILY HOUSE,263
BURGLARY,85017.0,823,823,201700000627260,1,822,811,05/31/2016  03:40,2,717,711,01/27/2017  18:00,2,823,358,42XX N 27TH AVE,33,822,34,SINGLE FAMILY HOUSE,349
BURGLARY,85018.0,637,637,201700000374369,1,635,624,07/15/2017  00:00,2,545,539,01/17/2017  10:00,2,637,375,32XX E PINCHOT AVE,10,635,29,SINGLE FAMILY HOUSE,325
BURGLARY,85019.0,788,788,201700001510233,1,787,775,10/07/2016  00:00,2,683,679,11/09/2015  11:30,2,788,341,43XX N 35TH AVE,21,786,33,SINGLE FAMILY HOUSE,452
BURGLARY,85020.0,562,562,201700001894346,1,562,558,04/03/2016  16:00,2,468,466,10/07/2016  16:30,2,562,342,100XX N 7TH ST,11,561,36,SINGLE FAMILY HOUSE,273
BURGLARY,85021.0,730,730,201600001954538,1,728,722,10/20/2016  10:00,2,622,615,11/18/2015  14:30,2,730,366,102XX N 19TH AVE,28,727,36,SINGLE FAMILY HOUSE,274
BURGLARY,85022.0,566,566,201600000823423,1,566,562,11/18/2016  09:00,2,513,509,01/09/2017  15:48,2,566,316,162XX N 7TH ST,41,566,31,SINGLE FAMILY HOUSE,254
BURGLARY,85023.0,496,496,201700000439308,1,496,489,05/20/2017  10:00,2,443,440,10/18/2016  07:30,2,496,273,178XX N 25TH AVE,24,496,33,SINGLE FAMILY HOUSE,252
BURGLARY,85024.0,205,205,201600001278268,1,205,204,06/30/2017  09:00,2,185,184,01/23/2017  08:00,2,205,143,198XX N 7TH ST,10,202,22,SINGLE FAMILY HOUSE,124
BURGLARY,85027.0,418,418,201700001458485,1,418,416,02/28/2016  22:00,2,360,357,04/07/2016  19:40,2,418,266,208XX N 27TH AVE,10,418,33,SINGLE FAMILY HOUSE,195
BURGLARY,85028.0,204,204,201700000506871,1,204,202,11/16/2016  07:30,2,184,183,11/04/2015  14:30,2,204,163,116XX N TATUM BLVD,6,203,20,SINGLE FAMILY HOUSE,154
BURGLARY,85029.0,717,717,201700001225319,1,717,712,11/10/2017  00:00,3,629,627,08/24/2017  00:00,2,717,388,25XX W CACTUS RD,30,716,35,SINGLE FAMILY HOUSE,361
BURGLARY,85031.0,508,508,201500002271500,1,507,504,11/15/2017  00:00,2,435,429,02/20/2017  10:00,2,508,280,38XX N MARYVALE PKWY,13,508,35,SINGLE FAMILY HOUSE,348
BURGLARY,85032.0,649,649,201600001148532,1,646,644,06/18/2016  17:00,2,571,568,07/13/2017  09:00,2,649,434,30XX E BELL RD,14,648,37,SINGLE FAMILY HOUSE,312
BURGLARY,85033.0,947,947,201700000115638,1,947,938,10/16/2017  09:00,2,798,796,09/07/2017  12:00,2,947,461,70XX W INDIAN SCHOOL RD,54,947,30,SINGLE FAMILY HOUSE,623
BURGLARY,85034.0,264,264,201700001311418,1,264,263,09/20/2017  03:00,2,219,216,04/13/2017  13:00,2,264,152,38XX E SKY HARBOR BLVD,17,262,31,OFFICE / COMMERCIAL BUILDING,50
BURGLARY,85035.0,778,778,201700000821329,1,778,769,10/10/2017  10:00,3,629,623,10/11/2017  10:00,3,778,341,18XX N 43RD AVE,37,776,34,SINGLE FAMILY HOUSE,405
BURGLARY,85037.0,790,790,201700000736231,1,788,777,02/17/2017  00:00,2,651,647,10/04/2016  20:00,2,790,440,18XX N 91ST AVE,41,789,31,SINGLE FAMILY HOUSE,573
BURGLARY,85040.0,826,826,201700000770463,1,823,819,12/23/2015  18:00,2,703,699,04/20/2016  13:00,2,826,441,44XX S 28TH ST,15,825,40,SINGLE FAMILY HOUSE,403
BURGLARY,85041.0,1156,1156,201700000802940,1,1155,1140,08/18/2016  09:30,3,966,957,05/31/2016  10:00,2,1156,684,80XX S CENTRAL AVE,12,1153,35,SINGLE FAMILY HOUSE,834
BURGLARY,85042.0,720,720,201600000240482,1,719,715,01/02/2017  16:00,2,628,624,01/28/2016  15:30,2,720,450,44XX E BASELINE RD,23,719,29,SINGLE FAMILY HOUSE,498
BURGLARY,85043.0,792,792,201600000516228,1,791,780,11/09/2017  18:30,2,652,650,04/18/2017  15:00,2,792,432,56XX W MCDOWELL RD,22,790,33,SINGLE FAMILY HOUSE,479
BURGLARY,85044.0,306,306,201700000973106,1,305,299,12/31/2016  14:00,2,271,268,11/15/2016  16:00,2,306,203,132XX S 48TH ST,11,305,26,SINGLE FAMILY HOUSE,139
BURGLARY,85045.0,20,20,201700001693062,1,20,20,01/25/2016  11:30,1,18,18,05/12/2016  07:15,1,20,19,154XX S 13TH AVE,2,20,3,SINGLE FAMILY HOUSE,17
BURGLARY,85048.0,182,182,201600000357517,1,182,181,03/16/2016  19:00,2,166,166,06/01/2016  14:00,1,182,148,38XX E LAKEWOOD PKWY E,9,181,15,SINGLE FAMILY HOUSE,125
BURGLARY,85050.0,250,250,201600000901768,1,250,249,02/13/2017  10:00,2,235,235,05/18/2017  11:16,1,250,195,196XX N CAVE CREEK RD,7,249,21,SINGLE FAMILY HOUSE,177
BURGLARY,85051.0,999,999,201700000575591,1,995,984,12/01/2015  00:01,2,837,831,12/05/2015  09:30,2,999,499,35XX W DUNLAP AVE,18,995,40,SINGLE FAMILY HOUSE,520
BURGLARY,85053.0,378,378,201700000623037,1,377,372,12/01/2016  00:00,2,318,315,11/11/2017  07:30,2,378,236,184XX N 35TH AVE,17,375,21,SINGLE FAMILY HOUSE,215
BURGLARY,85054.0,64,64,201600001684615,1,64,64,09/06/2016  18:15,1,62,62,05/30/2016  07:20,1,64,26,211XX N 56TH ST,13,64,11,GARAGE,24
BURGLARY,85083.0,72,72,201600001925120,1,72,71,05/02/2016  08:00,2,60,59,05/02/2016  12:05,2,72,63,38XX W HAPPY VALLEY RD,4,72,13,SINGLE FAMILY HOUSE,53
BURGLARY,85085.0,126,126,201600001159467,1,126,125,07/14/2017  14:30,2,111,110,07/17/2017  07:00,2,126,87,242XX N 23RD AVE,9,126,17,SINGLE FAMILY HOUSE,72
BURGLARY,85086.0,39,39,201600000650533,1,39,39,03/06/2017  08:00,1,34,34,08/31/2016  09:10,1,39,29,348XX N 32ND DR,8,39,12,SINGLE FAMILY HOUSE,14
BURGLARY,85087.0,11,11,201600001533731,1,11,11,07/04/2017  14:00,1,10,10,10/22/2017  09:00,1,11,8,42XX W ANTHEM WAY,3,11,4,SINGLE FAMILY HOUSE,8
BURGLARY,85201.0,1,1,201600000021408,1,1,1,01/04/2016  06:00,1,1,1,01/04/2016  14:12,1,1,1,2XX S EVERGREEN RD,1,1,1,CONDO / TOWNHOUSE,1
BURGLARY,85210.0,1,1,201600001309947,1,1,1,07/15/2016  20:00,1,1,1,07/16/2016  07:30,1,1,1,6XX W BROADWAY RD,1,1,1,GROCERY / SUPER MARKET,1
BURGLARY,85215.0,2,2,201600001764549,1,2,2,09/18/2016  11:00,1,2,2,03/20/2017  07:00,1,2,2,40XX E MCDOWELL RD,1,2,1,OFFICE / COMMERCIAL BUILDING,2
BURGLARY,85251.0,14,14,201700001956401,1,14,14,04/27/2017  12:30,1,14,14,04/07/2017  00:01,1,14,11,62XX E LAFAYETTE BLVD,2,13,4,SINGLE FAMILY HOUSE,10
BURGLARY,85253.0,8,8,201700001742564,1,8,8,04/20/2017  18:33,1,5,5,11/18/2017  09:30,1,8,8,104XX N 55TH PL,1,8,3,SINGLE FAMILY HOUSE,5
BURGLARY,85254.0,269,269,201700001206552,1,269,268,02/07/2017  00:01,2,238,234,08/17/2016  07:00,2,269,224,56XX E BELL RD,4,269,20,SINGLE FAMILY HOUSE,202
BURGLARY,85255.0,2,2,201700000763862,1,2,2,05/03/2017  02:29,1,1,1,05/08/2016  06:00,1,2,2,172XX N SCOTTSDALE RD,1,2,2,RETAIL BUSINESS,1
BURGLARY,85281.0,1,1,201700001181099,1,1,1,07/07/2017  14:59,1,1,1,07/07/2017  15:24,1,1,1,13XX W 9TH ST,1,1,1,SINGLE FAMILY HOUSE,1
BURGLARY,85304.0,50,50,201700001811864,1,50,50,10/07/2017  01:37,1,43,43,03/14/2017  14:30,1,50,38,44XX W CACTUS RD,6,50,9,SINGLE FAMILY HOUSE,37
BURGLARY,85306.0,90,90,201700000272719,1,90,89,06/19/2017  04:30,2,77,77,10/23/2016  13:30,1,90,53,50XX W THUNDERBIRD RD,13,88,17,SINGLE FAMILY HOUSE,52
BURGLARY,85307.0,79,79,201700000562281,1,79,79,12/07/2016  17:00,1,69,69,10/02/2017  14:30,1,79,26,51XX N 99TH AVE,30,79,7,SINGLE FAMILY HOUSE,41
BURGLARY,85308.0,223,223,201500002338550,1,223,223,02/17/2017  20:00,1,192,191,12/05/2015  06:30,2,223,173,206XX N 35TH AVE,4,221,17,SINGLE FAMILY HOUSE,155
BURGLARY,85310.0,81,81,201700000455212,1,79,78,07/10/2017  11:00,2,68,66,02/26/2017  07:00,2,81,72,236XX N 35TH DR,2,81,10,SINGLE FAMILY HOUSE,64
BURGLARY,85331.0,75,75,201700001414594,1,75,75,05/30/2017  11:00,1,73,73,03/22/2017  12:54,1,75,69,296XX N TATUM BLVD,2,75,13,SINGLE FAMILY HOUSE,60
BURGLARY,85339.0,526,526,201700001220059,1,525,519,11/23/2016  16:00,2,416,414,11/10/2015  05:30,2,526,376,52XX W BASELINE RD,8,524,26,SINGLE FAMILY HOUSE,456
BURGLARY,85353.0,340,340,201600002291680,1,339,335,01/22/2016  18:00,3,274,270,01/25/2016  06:30,3,340,231,26XX S 83RD AVE,8,338,14,SINGLE FAMILY HOUSE,315
BURGLARY,85383.0,1,1,201600002120100,1,1,1,11/15/2016  01:49,1,0,0,,,1,1,74XX W HAPPY VALLEY RD,1,1,1,VEHICLE,1
BURGLARY,85396.0,1,1,201700001371092,1,1,1,07/17/2017  11:21,1,1,1,08/06/2017  12:19,1,1,1,61XX W THOMAS RD,1,1,1,APARTMENT,1
DRUG OFFENSE,85003.0,194,193,201600001050085,2,193,191,01/20/2016  15:42,2,79,79,06/11/2017  14:45,1,194,96,XX W CULVER ST,19,193,22,STREET / ROADWAY / ALLEY / SIDEWALK,58
DRUG OFFENSE,85004.0,114,114,201600000537525,1,114,114,03/23/2016  13:50,1,40,40,08/06/2017  00:00,1,114,69,18XX S 7TH ST,21,114,18,STREET / ROADWAY / ALLEY / SIDEWALK,39
DRUG OFFENSE,85006.0,179,179,201600001755454,1,178,178,09/13/2017  00:00,1,80,79,01/21/2016  17:40,2,179,105,11XX E THOMAS RD,11,178,23,STREET / ROADWAY / ALLEY / SIDEWALK,46
DRUG OFFENSE,85007.0,288,288,201600000687876,1,287,287,01/20/2016  15:45,1,137,137,06/29/2016  11:55,1,288,164,2XX S 12TH AVE,18,288,22,STREET / ROADWAY / ALLEY / SIDEWALK,163
DRUG OFFENSE,85008.0,515,515,201700000048565,1,515,509,07/15/2017  18:00,5,167,167,10/26/2016  13:58,1,515,262,37XX E THOMAS RD,22,510,33,STREET / ROADWAY / ALLEY / SIDEWALK,153
DRUG OFFENSE,85009.0,620,620,201600002248318,1,618,616,01/10/2017  00:00,2,213,213,10/17/2017  16:46,1,620,362,42XX W MCDOWELL RD,15,617,35,STREET / ROADWAY / ALLEY / SIDEWALK,252
DRUG OFFENSE,85012.0,66,66,201700001492320,1,66,66,12/06/2016  12:45,1,14,14,03/09/2016  10:30,1,66,37,45XX N CENTRAL AVE,23,66,18,STREET / ROADWAY / ALLEY / SIDEWALK,16
DRUG OFFENSE,85013.0,184,184,201700000818525,1,184,184,02/16/2017  15:44,1,69,69,04/08/2017  09:45,1,184,96,7XX W CAMELBACK RD,17,181,26,STREET / ROADWAY / ALLEY / SIDEWALK,63
DRUG OFFENSE,85014.0,145,145,201600001795235,1,145,145,10/24/2016  12:15,1,50,50,04/13/2017  02:42,1,145,89,7XX E INDIAN SCHOOL RD,12,145,22,STREET / ROADWAY / ALLEY / SIDEWALK,46
DRUG OFFENSE,85015.0,584,584,201700000146485,1,583,565,08/01/2016  00:00,2,187,186,09/06/2016  04:10,2,584,213,18XX W CAMELBACK RD,20,581,45,STREET / ROADWAY / ALLEY / SIDEWALK,150
DRUG OFFENSE,85016.0,229,229,201700000614033,1,229,228,06/27/2017  00:00,2,60,60,10/26/2016  07:30,1,229,149,29XX E INDIAN SCHOOL RD,8,227,35,STREET / ROADWAY / ALLEY / SIDEWALK,72
DRUG OFFENSE,85017.0,620,620,201600000814514,1,619,618,05/03/2017  21:11,2,270,270,05/10/2016  18:20,1,620,229,33XX W CAMELBACK RD,45,616,31,STREET / ROADWAY / ALLEY / SIDEWALK,177
DRUG OFFENSE,85018.0,185,185,201600001898556,1,185,185,02/09/2016  16:44,1,53,53,06/29/2016  15:35,1,185,89,32XX E PINCHOT AVE,10,181,24,STREET / ROADWAY / ALLEY / SIDEWALK,71
DRUG OFFENSE,85019.0,249,249,201700000332193,1,249,249,12/25/2016  06:02,1,97,97,06/13/2017  22:30,1,249,139,38XX W CAMELBACK RD,26,245,24,STREET / ROADWAY / ALLEY / SIDEWALK,90
DRUG OFFENSE,85020.0,161,161,201700000070282,1,160,160,03/24/2017  05:37,1,53,53,09/08/2017  10:00,1,161,103,2XX E DUNLAP AVE,9,160,26,STREET / ROADWAY / ALLEY / SIDEWALK,52
DRUG OFFENSE,85021.0,425,425,201700000022692,1,425,423,05/09/2017  10:58,2,112,111,09/19/2017  00:00,2,425,185,9XX W HATCHER RD,25,423,36,STREET / ROADWAY / ALLEY / SIDEWALK,134
DRUG OFFENSE,85022.0,189,189,201600001779566,1,188,187,11/11/2016  14:58,2,115,114,11/11/2016  15:23,2,189,97,8XX E BELL RD,14,187,18,STREET / ROADWAY / ALLEY / SIDEWALK,42
DRUG OFFENSE,85023.0,421,421,201600001994556,1,421,421,04/23/2016  16:41,1,248,248,03/01/2017  18:42,1,421,126,17XX W BELL RD,85,420,31,STREET / ROADWAY / ALLEY / SIDEWALK,93
DRUG OFFENSE,85024.0,57,57,201600001250209,1,57,57,05/18/2017  17:04,1,22,22,10/19/2016  18:35,1,57,30,17XX E UNION HILLS DR,16,57,12,VEHICLE,16
DRUG OFFENSE,85027.0,210,210,201600001413144,1,209,209,06/08/2016  06:15,1,103,103,12/16/2015  19:44,1,210,102,192XX N 27TH AVE,12,210,26,STREET / ROADWAY / ALLEY / SIDEWALK,38
DRUG OFFENSE,85028.0,24,24,201600002106732,1,24,24,09/08/2016  11:00,1,7,7,09/08/2016  11:30,1,24,18,29XX E SHEA BLVD,5,24,13,SCHOOL-ELEMENTARY/SECONDARY,5
DRUG OFFENSE,85029.0,346,346,201700000670853,1,346,345,10/24/2017  17:28,2,122,122,09/29/2016  03:13,1,346,165,27XX W SWEETWATER AVE,20,345,34,STREET / ROADWAY / ALLEY / SIDEWALK,94
DRUG OFFENSE,85031.0,197,197,201700001896485,1,197,196,07/14/2017  00:00,2,80,80,02/28/2017  21:57,1,197,95,52XX W INDIAN SCHOOL RD,16,197,25,VEHICLE,43
DRUG OFFENSE,85032.0,280,280,201700000582438,1,279,279,06/17/2017  18:00,1,145,145,10/06/2017  22:00,1,280,176,154XX N 32ND ST,9,278,29,STREET / ROADWAY / ALLEY / SIDEWALK,72
DRUG OFFENSE,85033.0,267,267,201700000988761,1,267,267,11/14/2017  09:00,1,127,127,01/19/2017  14:34,1,267,159,74XX W CATALINA DR,13,263,24,STREET / ROADWAY / ALLEY / SIDEWALK,70
DRUG OFFENSE,85034.0,303,303,201600000877599,1,302,300,02/03/2017  20:00,3,118,118,08/13/2016  13:00,1,303,113,38XX E SKY HARBOR BLVD,47,301,32,AIRPORT,78
DRUG OFFENSE,85035.0,330,330,201700000197802,1,329,329,12/01/2015  13:30,1,128,128,04/08/2016  07:01,1,330,176,26XX N 43RD AVE,22,325,24,STREET / ROADWAY / ALLEY / SIDEWALK,86
DRUG OFFENSE,85037.0,139,139,201600002250715,1,139,138,03/31/2017  11:08,2,73,73,09/06/2017  21:05,1,139,108,38XX N 83RD AVE,5,138,17,SINGLE FAMILY HOUSE,40
DRUG OFFENSE,85040.0,289,289,201600001573002,1,289,287,12/13/2016  11:00,2,95,95,09/05/2016  22:24,1,289,219,54XX S 7TH ST,8,286,23,STREET / ROADWAY / ALLEY / SIDEWALK,114
DRUG OFFENSE,85041.0,229,229,201700001649988,1,229,226,02/17/2017  13:00,2,84,84,11/17/2016  17:09,1,229,174,8XX W SOUTHERN AVE,6,227,22,STREET / ROADWAY / ALLEY / SIDEWALK,81
DRUG OFFENSE,85042.0,120,120,201600001820504,1,120,120,08/20/2016  20:40,1,43,43,11/14/2015  17:23,1,120,86,24XX E BASELINE RD,8,119,21,STREET / ROADWAY / ALLEY / SIDEWALK,28
DRUG OFFENSE,85043.0,278,278,201600000975876,1,277,277,11/23/2015  16:35,1,120,120,03/16/2016  12:30,1,278,128,34XX S 67TH AVE,32,276,25,VEHICLE,49
DRUG OFFENSE,85044.0,50,50,201700000688033,1,50,49,09/27/2017  15:00,2,18,17,09/27/2017  15:00,2,50,28,42XX E KNOX RD,12,50,14,SCHOOL-ELEMENTARY/SECONDARY,11
DRUG OFFENSE,85045.0,3,3,201500002133874,1,3,3,07/26/2017  08:10,1,1,1,11/05/2015  23:30,1,3,3,16XX W SATINWOOD DR,1,3,3,PARK / PLAYGROUND,1
DRUG OFFENSE,85048.0,32,32,201600001764376,1,32,32,11/03/2017  11:36,1,9,9,02/19/2016  14:30,1,32,17,164XX S 32ND ST,13,32,9,SCHOOL-ELEMENTARY/SECONDARY,17
DRUG OFFENSE,85050.0,65,65,201700001831213,1,64,63,09/23/2016  10:00,2,24,24,10/03/2016  03:59,1,65,31,35XX E MAYO BLVD,29,65,12,SCHOOL-ELEMENTARY/SECONDARY,29
DRUG OFFENSE,85051.0,470,470,201700000413490,1,468,468,08/02/2016  22:42,1,180,180,11/04/2015  19:40,1,470,192,81XX N BLACK CANYON AC,28,467,28,STREET / ROADWAY / ALLEY / SIDEWALK,97
DRUG OFFENSE,85053.0,139,139,201600002114109,1,138,138,07/11/2016  13:27,1,66,66,04/30/2017  00:11,1,139,83,27XX W BELL RD,10,137,23,PARKING LOT,34
DRUG OFFENSE,85054.0,12,12,201700000384824,1,12,12,09/30/2017  21:43,1,7,7,07/31/2016  16:08,1,12,7,210XX N TATUM BLVD,5,12,5,VEHICLE,4
DRUG OFFENSE,85083.0,13,13,201600002252709,1,13,13,08/24/2017  16:14,1,3,3,09/07/2016  08:47,1,13,13,50XX W HAPPY VALLEY RD,1,13,5,SINGLE FAMILY HOUSE,5
DRUG OFFENSE,85085.0,26,26,201700000963227,1,26,26,07/20/2017  19:59,1,20,20,07/20/2017  19:59,1,26,15,25XX W HAPPY VALLEY RD,11,26,7,VEHICLE,6
DRUG OFFENSE,85086.0,15,15,201500002236976,1,15,15,10/09/2016  00:30,1,8,8,12/08/2015  14:00,1,15,11,44XX W ANTHEM WAY,4,15,7,VEHICLE,4
DRUG OFFENSE,85087.0,1,1,201600000284621,1,1,1,02/14/2016  16:48,1,0,0,,,1,1,42XX W ANTHEM WAY,1,1,1,PARKING LOT,1
DRUG OFFENSE,85201.0,1,1,201600001482898,1,1,1,08/11/2016  07:00,1,0,0,,,1,1,19XX N MESA DR,1,1,1,STREET / ROADWAY / ALLEY / SIDEWALK,1
DRUG OFFENSE,85203.0,1,1,201600001398725,1,1,1,05/03/2016  15:00,1,1,1,08/11/2016  07:00,1,1,1,12XX E MAIN ST,1,1,1,OTHER,1
DRUG OFFENSE,85225.0,2,2,201600001058621,1,2,2,11/28/2015  20:50,1,1,1,06/15/2016  11:32,1,2,2,4XX W RAY RD,1,2,2,VEHICLE,1
DRUG OFFENSE,85251.0,6,6,201600002176375,1,6,6,06/01/2017  18:01,1,3,3,10/29/2016  03:03,1,6,6,43XX N 62ND ST,1,5,3,STREET / ROADWAY / ALLEY / SIDEWALK,3
DRUG OFFENSE,85254.0,51,51,201700000010834,1,51,51,12/04/2015  11:15,1,15,15,07/07/2017  18:50,1,51,38,56XX E GREENWAY RD,9,51,15,STREET / ROADWAY / ALLEY / SIDEWALK,14
DRUG OFFENSE,85255.0,4,4,201600000731879,1,4,4,01/27/2016  12:40,1,3,3,01/27/2016  12:40,1,4,3,172XX N SCOTTSDALE RD,2,4,3,VEHICLE,2
DRUG OFFENSE,85257.0,2,2,201600002204458,1,2,2,10/17/2016  14:33,1,0,0,,,2,2,12XX N SCOTTSDALE RD,1,2,2,PARKING LOT,1
DRUG OFFENSE,85281.0,2,2,201600001368760,1,2,2,02/21/2016  15:05,1,0,0,,,2,2,15XX N SCOTTSDALE RD,1,2,2,PARKING LOT,1
DRUG OFFENSE,85282.0,4,4,201510000017726,1,4,4,07/25/2016  21:43,1,2,2,07/25/2016  22:33,1,4,4,4XX W RIVIERA DR,1,3,3,PARKING LOT,1
DRUG OFFENSE,85286.0,1,1,201600000776413,1,1,1,04/27/2016  18:50,1,1,1,04/27/2016  18:50,1,1,1,15XX S CARRIAGE LN,1,1,1,SINGLE FAMILY HOUSE,1
DRUG OFFENSE,85296.0,1,1,201700001049863,1,1,1,06/16/2017  19:20,1,0,0,,,1,1,E WARNER RD & S GREENFIELD RD,1,1,1,STREET / ROADWAY / ALLEY / SIDEWALK,1
DRUG OFFENSE,85301.0,16,16,201600000435867,1,16,16,08/30/2017  12:25,1,5,5,02/14/2016  20:51,1,16,12,50XX N 57TH AVE,3,16,5,PARKING LOT,6
DRUG OFFENSE,85302.0,5,5,201600001519671,1,5,5,05/17/2017  14:00,1,1,1,03/16/2016  20:51,1,5,5,86XX N 43RD AVE,1,5,2,STREET / ROADWAY / ALLEY / SIDEWALK,4
DRUG OFFENSE,85303.0,4,4,201600001847443,1,4,4,10/04/2016  00:00,1,3,3,10/04/2016  15:26,1,4,3,67XX W BETHANY HOME RD,2,4,4,SINGLE FAMILY HOUSE,1
DRUG OFFENSE,85304.0,10,10,201700000631172,1,10,10,08/06/2016  10:55,1,5,5,05/12/2016  14:35,1,10,10,44XX W CACTUS RD,1,10,5,STREET / ROADWAY / ALLEY / SIDEWALK,5
DRUG OFFENSE,85305.0,1,1,201600001976165,1,1,1,10/24/2016  09:48,1,0,0,,,1,1,91XX W CAMELBACK RD,1,1,1,SCHOOL-COLLEGE/UNIVERSITY,1
DRUG OFFENSE,85306.0,20,20,201700000526901,1,20,20,07/25/2016  23:07,1,7,7,06/12/2017  19:24,1,20,15,43XX W BELL RD,2,20,8,VEHICLE,5
DRUG OFFENSE,85307.0,5,5,201600002344646,1,5,5,09/07/2016  16:21,1,4,4,09/07/2016  16:21,1,5,5,103XX W MEDLOCK DR,1,5,4,STREET / ROADWAY / ALLEY / SIDEWALK,2
DRUG OFFENSE,85308.0,62,62,201700000942263,1,62,62,10/18/2017  12:48,1,23,23,05/15/2017  23:27,1,62,53,37XX W VILLA MARIA DR,5,62,13,STREET / ROADWAY / ALLEY / SIDEWALK,16
DRUG OFFENSE,85310.0,8,8,201500002476689,1,8,8,05/14/2016  03:34,1,3,3,05/14/2016  04:00,1,8,8,36XX W PINNACLE PEAK RD,1,8,5,VEHICLE,4
DRUG OFFENSE,85323.0,4,4,201600000891315,1,4,4,07/27/2016  22:10,1,1,1,07/27/2016  23:35,1,4,4,121XX W BELMONT DR,1,4,3,RETAIL BUSINESS,2
DRUG OFFENSE,85331.0,5,5,201700001124889,1,5,5,06/28/2017  17:19,1,3,3,01/14/2017  06:44,1,5,5,334XX N SYMER DR,1,5,3,STREET / ROADWAY / ALLEY / SIDEWALK,3
DRUG OFFENSE,85335.0,1,1,201700001606659,1,1,1,09/12/2017  18:44,1,0,0,,,1,1,126XX W BLOOMFIELD RD,1,1,1,VEHICLE,1
DRUG OFFENSE,85338.0,1,1,201700001301800,1,1,1,07/26/2017  10:30,1,0,0,,,1,1,4XX N ESTRELLA PKWY,1,1,1,VEHICLE,1
DRUG OFFENSE,85339.0,53,53,201600000215453,1,52,52,07/23/2017  10:23,1,12,12,02/24/2017  12:11,1,53,35,51XX W BASELINE RD,8,51,16,VEHICLE,10
DRUG OFFENSE,85345.0,3,3,201700001247154,1,3,3,06/15/2016  11:00,1,0,0,,,3,3,90XX W OLIVE AVE,1,3,2,VEHICLE,2
DRUG OFFENSE,85353.0,29,29,201600002010141,1,29,29,11/01/2016  13:15,1,4,4,03/27/2017  01:10,1,29,28,100XX W WILLIAMS ST,2,29,7,SINGLE FAMILY HOUSE,15
DRUG OFFENSE,85381.0,1,1,201600000180276,1,1,1,01/28/2016  22:57,1,0,0,,,1,1,78XX W BOCA RATON RD,1,1,1,SINGLE FAMILY HOUSE,1
DRUG OFFENSE,85392.0,6,6,201600001753507,1,6,6,11/01/2017  20:30,1,2,2,12/03/2016  21:00,1,6,4,115XX W PICCADILLY RD,2,6,4,STREET / ROADWAY / ALLEY / SIDEWALK,2
LARCENY-THEFT,85003.0,758,758,201700001852463,1,757,754,01/01/2017  00:00,2,540,538,01/14/2017  12:00,2,758,240,XX W JEFFERSON ST,75,755,54,APARTMENT,94
LARCENY-THEFT,85004.0,1007,1007,201600000819988,1,1002,994,03/02/2017  00:00,2,645,640,04/01/2017  14:30,2,1007,227,3XX E MCDOWELL RD,217,1005,58,GROCERY / SUPER MARKET,175
LARCENY-THEFT,85006.0,1202,1202,201700001128136,1,1200,1175,06/01/2017  00:00,3,831,824,02/02/2017  06:00,4,1202,395,10XX N 24TH ST,98,1198,58,SINGLE FAMILY HOUSE,129
LARCENY-THEFT,85007.0,758,758,201600001170459,1,756,752,12/17/2016  21:30,2,531,529,05/15/2017  00:00,2,758,280,2XX S 12TH AVE,55,757,47,STREET / ROADWAY / ALLEY / SIDEWALK,82
LARCENY-THEFT,85008.0,3196,3196,201500002316329,1,3191,3116,08/13/2017  22:00,5,2119,2080,08/14/2017  05:00,5,3196,542,37XX E THOMAS RD,398,3189,59,RETAIL BUSINESS,589
LARCENY-THEFT,85009.0,2184,2184,201700000325428,1,2176,2131,09/18/2017  21:30,6,1472,1445,09/19/2017  09:00,5,2184,703,42XX W MCDOWELL RD,139,2178,59,SINGLE FAMILY HOUSE,231
LARCENY-THEFT,85012.0,463,463,201600000462071,1,461,455,08/19/2017  15:00,2,356,352,10/12/2016  07:00,3,463,159,4XX E INDIAN SCHOOL RD,35,463,46,APARTMENT,58
LARCENY-THEFT,85013.0,1577,1577,201600002114543,1,1568,1546,12/01/2015  12:00,2,1079,1063,04/02/2017  11:30,3,1577,384,7XX W CAMELBACK RD,250,1575,57,GROCERY / SUPER MARKET,219
LARCENY-THEFT,85014.0,1177,1177,201700000919143,1,1174,1151,12/21/2015  19:00,3,914,907,03/20/2016  06:00,2,1177,379,55XX N 7TH ST,40,1174,53,APARTMENT,218
LARCENY-THEFT,85015.0,3636,3635,201700001618167,2,3602,3534,01/01/2016  00:00,4,2304,2287,10/27/2017  00:00,2,3636,454,16XX W BETHANY HOME RD,553,3626,66,RETAIL BUSINESS,1022
LARCENY-THEFT,85016.0,2211,2210,201700001982444,2,2206,2177,01/04/2016  17:30,2,1574,1554,04/18/2016  08:00,2,2211,466,19XX E CAMELBACK RD,148,2200,57,RETAIL BUSINESS,364
LARCENY-THEFT,85017.0,2317,2317,201700000366835,1,2311,2281,09/28/2016  07:00,3,1527,1512,01/18/2017  07:00,3,2317,397,61XX N 35TH AVE,671,2312,54,RETAIL BUSINESS,509
LARCENY-THEFT,85018.0,1344,1344,201780002121,1,1342,1320,03/11/2016  15:00,2,1062,1047,10/09/2016  09:30,2,1344,500,47XX E INDIAN SCHOOL RD,54,1338,53,PARKING LOT,185
LARCENY-THEFT,85019.0,1098,1098,201700000492060,1,1094,1084,01/09/2016  22:00,2,831,822,01/11/2016  06:00,2,1098,362,35XX W CAMELBACK RD,47,1096,53,SINGLE FAMILY HOUSE,168
LARCENY-THEFT,85020.0,1471,1471,201600000003447,1,1466,1447,03/01/2017  00:00,2,1144,1130,08/14/2016  10:30,2,1471,483,1XX E DUNLAP AVE,93,1470,56,PARKING LOT,193
LARCENY-THEFT,85021.0,2076,2076,201700001043077,1,2072,2043,09/13/2016  00:01,3,1503,1480,01/29/2017  11:00,3,2076,505,80XX N 19TH AVE,334,2072,65,APARTMENT,299
LARCENY-THEFT,85022.0,2129,2129,201600000517299,1,2128,2100,01/31/2016  00:01,2,1722,1712,05/18/2017  21:00,2,2129,500,168XX N 7TH ST,251,2127,55,RETAIL BUSINESS,466
LARCENY-THEFT,85023.0,2363,2363,201600002232060,1,2362,2329,06/13/2016  21:00,3,1761,1741,06/14/2016  04:00,3,2363,388,18XX W BELL RD,733,2359,59,RETAIL BUSINESS,815
LARCENY-THEFT,85024.0,495,495,201600000107032,1,495,488,02/18/2016  01:15,3,442,437,12/24/2016  08:00,2,495,251,204XX N 7TH ST,21,494,35,SINGLE FAMILY HOUSE,95
LARCENY-THEFT,85027.0,1707,1707,201500002482055,1,1705,1680,01/28/2016  17:00,3,1328,1306,10/24/2016  05:00,2,1707,521,192XX N 27TH AVE,104,1701,54,RETAIL BUSINESS,206
LARCENY-THEFT,85028.0,427,427,201700001873152,1,426,420,07/31/2017  21:00,2,348,345,06/04/2017  06:30,2,427,210,116XX N TATUM BLVD,34,427,35,SINGLE FAMILY HOUSE,94
LARCENY-THEFT,85029.0,2117,2117,201600002234463,1,2113,2077,01/01/2016  12:00,3,1459,1446,01/20/2016  16:00,2,2117,534,30XX W THUNDERBIRD RD,155,2112,59,RETAIL BUSINESS,366
LARCENY-THEFT,85031.0,1352,1352,201700001907452,1,1345,1331,11/20/2016  17:00,3,825,818,12/16/2016  14:00,2,1352,274,52XX W INDIAN SCHOOL RD,331,1350,53,RETAIL BUSINESS,306
LARCENY-THEFT,85032.0,2533,2533,201700000124417,1,2526,2478,11/02/2016  08:00,2,1859,1844,07/24/2017  06:00,2,2533,710,45XX E CACTUS RD,372,2521,58,RETAIL BUSINESS,492
LARCENY-THEFT,85033.0,1617,1617,201700001300923,1,1612,1576,09/20/2016  22:00,3,1146,1131,09/21/2016  07:00,3,1617,487,48XX N 83RD AVE,144,1615,49,SINGLE FAMILY HOUSE,271
LARCENY-THEFT,85034.0,1388,1388,201510000017605,1,1388,1371,01/15/2017  17:00,3,1058,1050,07/18/2016  23:00,2,1388,282,38XX E SKY HARBOR BLVD,251,1384,53,AIRPORT,464
LARCENY-THEFT,85035.0,2247,2247,201700001474693,1,2241,2209,01/17/2017  00:00,3,1477,1462,06/16/2017  07:00,3,2247,374,20XX N 75TH AVE,350,2245,52,RETAIL BUSINESS,595
LARCENY-THEFT,85037.0,1266,1266,201600002254145,1,1266,1238,03/08/2017  22:00,3,945,934,09/14/2016  02:56,3,1266,513,99XX W CAMELBACK RD,50,1262,48,SINGLE FAMILY HOUSE,270
LARCENY-THEFT,85040.0,1566,1566,201700000097563,1,1564,1537,09/14/2016  05:00,2,1211,1205,08/25/2017  06:00,2,1566,557,58XX S CENTRAL AVE,49,1563,52,PARKING LOT,217
LARCENY-THEFT,85041.0,2548,2548,201600001170544,1,2545,2502,09/02/2017  20:00,2,1804,1776,06/08/2017  07:00,3,2548,860,61XX S 35TH AVE,441,2534,52,RETAIL BUSINESS,461
LARCENY-THEFT,85042.0,1923,1923,201500002405812,1,1919,1886,04/16/2017  20:00,2,1321,1304,09/17/2016  12:00,2,1923,511,21XX E BASELINE RD,197,1916,55,RETAIL BUSINESS,317
LARCENY-THEFT,85043.0,2001,2001,201700000889768,1,1997,1963,09/22/2017  02:00,3,1435,1415,12/28/2016  17:00,2,2001,536,75XX W LOWER BUCKEYE RD,138,1997,56,PARKING LOT,308
LARCENY-THEFT,85044.0,1251,1251,201700000730918,1,1247,1219,07/09/2017  22:00,3,969,946,10/12/2016  05:30,4,1251,336,47XX E RAY RD,214,1245,43,PARKING LOT,199
LARCENY-THEFT,85045.0,35,35,201680006565,1,35,35,09/23/2016  07:30,1,29,29,08/15/2016  14:00,1,35,31,17XX W MUIRWOOD DR,2,35,10,SINGLE FAMILY HOUSE,17
LARCENY-THEFT,85048.0,499,499,201600001004685,1,495,491,12/23/2015  02:00,2,377,374,12/18/2016  08:30,2,499,221,46XX E CHANDLER BLVD,81,495,38,SINGLE FAMILY HOUSE,64
LARCENY-THEFT,85050.0,625,625,201780001393,1,625,617,02/27/2017  21:00,3,535,526,11/26/2015  07:00,2,625,337,196XX N CAVE CREEK RD,16,623,42,DRIVEWAY,136
LARCENY-THEFT,85051.0,2598,2598,201600002262955,1,2584,2539,12/23/2016  23:00,2,1875,1845,11/25/2015  11:00,2,2598,575,34XX W DUNLAP AVE,125,2592,60,RETAIL BUSINESS,372
LARCENY-THEFT,85053.0,1041,1041,201700001161351,1,1040,1031,12/24/2015  02:40,3,780,772,12/24/2015  02:45,3,1041,362,34XX W BELL RD,77,1041,50,SINGLE FAMILY HOUSE,158
LARCENY-THEFT,85054.0,369,369,201700000637587,1,368,368,08/27/2016  10:00,1,276,276,03/10/2016  05:00,1,369,44,210XX N TATUM BLVD,201,368,31,RETAIL BUSINESS,112
LARCENY-THEFT,85083.0,213,213,201600001728364,1,213,210,02/06/2016  20:00,2,171,170,02/09/2016  07:00,2,213,126,38XX W HAPPY VALLEY RD,34,213,23,DRIVEWAY,48
LARCENY-THEFT,85085.0,670,670,201500002406033,1,670,658,06/24/2017  20:00,3,538,531,06/25/2017  07:00,3,670,220,25XX W HAPPY VALLEY RD,241,670,36,RETAIL BUSINESS,163
LARCENY-THEFT,85086.0,261,261,201700000396134,1,261,260,10/28/2016  18:00,2,197,197,09/02/2016  17:00,1,261,83,31XX W CAREFREE HWY,48,261,31,RETAIL BUSINESS,57
LARCENY-THEFT,85087.0,62,62,201600001827858,1,62,62,06/08/2017  19:45,1,41,41,09/04/2017  19:00,1,62,13,42XX W ANTHEM WAY,49,62,12,RETAIL BUSINESS,35
LARCENY-THEFT,85202.0,1,1,201600000023068,1,1,1,01/03/2016  10:00,1,1,1,01/04/2016  10:00,1,1,1,14XX W SOUTHERN AVE,1,1,1,PARKING LOT,1
LARCENY-THEFT,85213.0,2,2,201500002459796,1,2,2,12/27/2015  09:00,1,2,2,09/18/2017  10:20,1,2,2,24XX E MCDOWELL RD,1,2,2,PARKING LOT,1
LARCENY-THEFT,85225.0,2,2,201600001645199,1,2,2,03/04/2016  19:45,1,2,2,03/04/2016  22:00,1,2,2,12XX N OREGON ST,1,2,2,VEHICLE,1
LARCENY-THEFT,85233.0,1,1,201700001736938,1,1,1,10/03/2017  11:00,1,1,1,10/03/2017  14:30,1,1,1,15XX W SAN PEDRO ST,1,1,1,HOSPITAL,1
LARCENY-THEFT,85234.0,1,1,201700000221632,1,1,1,01/31/2017  22:00,1,0,0,,,1,1,XX W WASHINGTON AVE,1,1,1,UNKNOWN,1
LARCENY-THEFT,85248.0,1,1,201600001108641,1,1,1,06/15/2016  11:00,1,0,0,,,1,1,25XX W OCOTILLO RD,1,1,1,APARTMENT,1
LARCENY-THEFT,85251.0,25,25,201600001996234,1,25,25,04/07/2017  20:30,1,22,22,10/26/2016  05:00,1,25,13,60XX E CAMELBACK RD,10,25,9,HOTEL / MOTEL,9
LARCENY-THEFT,85253.0,29,29,201680006787,1,29,29,09/24/2017  02:30,1,26,26,10/12/2016  09:50,1,29,15,53XX E SHEA BLVD,9,29,10,DRIVEWAY,6
LARCENY-THEFT,85254.0,924,924,201780004582,1,924,911,05/27/2016  19:00,2,710,704,02/03/2017  08:00,2,924,425,168XX N TATUM BLVD,38,923,45,SINGLE FAMILY HOUSE,181
LARCENY-THEFT,85255.0,29,29,201700001351748,1,29,29,06/03/2016  00:00,1,21,21,01/30/2016  19:45,1,29,5,172XX N SCOTTSDALE RD,12,29,10,APARTMENT,9
LARCENY-THEFT,85257.0,1,1,201700000539811,1,1,1,03/29/2017  05:00,1,1,1,03/29/2017  05:57,1,1,1,56XX E THOMAS RD,1,1,1,VEHICLE,1
LARCENY-THEFT,85258.0,2,2,201500002279402,1,2,2,06/30/2016  03:00,1,2,2,06/30/2016  03:30,1,2,2,102XX N SCOTTSDALE RD,1,2,2,VEHICLE,1
LARCENY-THEFT,85260.0,7,7,201700000375765,1,7,7,09/09/2017  16:00,1,6,6,07/04/2016  01:10,1,7,4,166XX N SCOTTSDALE RD,4,7,6,HOTEL / MOTEL,2
LARCENY-THEFT,85266.0,1,1,201600000502728,1,1,1,03/17/2016  18:00,1,1,1,03/18/2016  11:00,1,1,1,E JOMAX RD & N SCOTTSDALE RD,1,1,1,PARKING LOT,1
LARCENY-THEFT,85268.0,1,1,201500002460363,1,1,1,12/19/2015  11:00,1,1,1,12/27/2015  21:00,1,1,1,164XX E NICKLAUS DR,1,1,1,VEHICLE,1
LARCENY-THEFT,85283.0,1,1,201700001099240,1,1,1,06/24/2017  17:12,1,1,1,06/24/2017  17:12,1,1,1,55XX S MILL AVE,1,1,1,UNKNOWN,1
LARCENY-THEFT,85286.0,1,1,201700001567263,1,1,1,09/06/2017  14:40,1,1,1,09/06/2017  14:45,1,1,1,18XX W MULBERRY DR,1,1,1,APARTMENT,1
LARCENY-THEFT,85295.0,1,1,201700000340533,1,1,1,02/25/2017  16:30,1,1,1,02/25/2017  18:30,1,1,1,36XX E RAY RD,1,1,1,PARKING LOT,1
LARCENY-THEFT,85296.0,2,2,201700000259955,1,2,2,04/29/2016  22:12,1,2,2,04/29/2016  22:12,1,2,1,47XX E RAY RD,2,2,1,DEPARTMENT / DISCOUNT STORE,2
LARCENY-THEFT,85301.0,8,8,201600002345709,1,8,8,02/17/2017  14:00,1,4,4,09/22/2016  17:00,1,8,7,43XX W SOLANO DR N,2,8,7,OFFICE / COMMERCIAL BUILDING,2
LARCENY-THEFT,85302.0,6,6,201700000020996,1,6,6,04/20/2017  00:00,1,3,3,01/04/2017  10:00,1,6,5,85XX N 59TH AVE,2,6,4,APARTMENT,2
LARCENY-THEFT,85303.0,4,4,201700001459398,1,4,3,12/08/2016  01:22,2,3,3,08/20/2017  11:03,1,4,3,69XX W OCOTILLO RD,2,4,4,SINGLE FAMILY HOUSE,1
LARCENY-THEFT,85304.0,176,176,201700000981991,1,176,176,12/31/2016  18:57,1,108,108,06/04/2017  16:29,1,176,76,50XX W CACTUS RD,46,176,29,SINGLE FAMILY HOUSE,40
LARCENY-THEFT,85306.0,270,270,201700000529709,1,269,267,05/26/2017  21:00,2,204,204,06/20/2017  13:00,1,270,103,49XX W BELL RD,49,270,30,SINGLE FAMILY HOUSE,47
LARCENY-THEFT,85307.0,88,88,201700000171930,1,88,85,08/11/2016  02:30,4,74,72,08/11/2016  03:55,2,88,30,51XX N 99TH AVE,28,88,16,APARTMENT,21
LARCENY-THEFT,85308.0,568,568,201500002353365,1,568,565,03/14/2017  08:00,2,450,445,10/13/2017  07:00,3,568,309,42XX W UNION HILLS DR,31,567,38,SINGLE FAMILY HOUSE,143
LARCENY-THEFT,85310.0,226,226,201600001030555,1,226,219,06/10/2017  18:00,2,170,167,02/08/2016  19:31,2,226,147,42XX W PINNACLE PEAK RD,12,226,28,SINGLE FAMILY HOUSE,58
LARCENY-THEFT,85323.0,3,3,201700000457793,1,3,3,01/26/2017  10:40,1,3,3,01/26/2017  10:42,1,3,3,9XX E VAN BUREN ST,1,3,3,VEHICLE,1
LARCENY-THEFT,85326.0,1,1,201700001169208,1,1,1,07/04/2017  15:30,1,1,1,07/04/2017  15:30,1,1,1,150XX W KOMATKE,1,1,1,GAMBLING FACILITY/CASINO/RACE TRACK,1
LARCENY-THEFT,85331.0,170,170,201600002246240,1,170,164,12/20/2016  21:00,4,154,150,12/21/2016  07:00,3,170,119,48XX E CAREFREE HWY,10,170,30,SINGLE FAMILY HOUSE,45
LARCENY-THEFT,85339.0,1283,1283,201700001020962,1,1281,1249,09/05/2017  00:00,2,844,832,07/22/2016  06:30,3,1283,564,51XX W BASELINE RD,137,1283,47,SINGLE FAMILY HOUSE,314
LARCENY-THEFT,85353.0,598,598,201600001670133,1,596,587,09/18/2016  17:44,2,417,411,06/16/2017  06:00,2,598,300,98XX W LOWER BUCKEYE RD,83,597,32,SINGLE FAMILY HOUSE,138
LARCENY-THEFT,85382.0,1,1,201600000513020,1,1,1,03/19/2016  17:45,1,1,1,03/19/2016  20:00,1,1,1,160XX N ARROWHEAD FOUNTAIN DR,1,1,1,RESTAURANT,1
LARCENY-THEFT,85396.0,2,2,201700001479521,1,2,2,10/14/2017  19:00,1,1,1,10/15/2017  00:30,1,2,2,5XX W THOMAS RD,1,2,2,PARKING LOT,1
MOTOR VEHICLE THEFT,85003.0,128,128,201700000894417,1,128,128,09/30/2017  19:00,1,105,104,01/06/2016  07:00,2,128,91,3XX W VAN BUREN ST,4,128,20,PARKING LOT,39
MOTOR VEHICLE THEFT,85004.0,126,126,201700001156208,1,126,125,08/05/2016  18:00,2,108,108,10/12/2017  22:45,1,126,84,18XX S 7TH ST,19,126,23,PARKING LOT,41
MOTOR VEHICLE THEFT,85006.0,291,291,201700000002688,1,290,289,11/08/2015  02:00,2,248,247,11/08/2015  02:30,2,291,185,23XX E MCDOWELL RD,10,290,27,STREET / ROADWAY / ALLEY / SIDEWALK,80
MOTOR VEHICLE THEFT,85007.0,180,180,201700001639532,1,180,180,06/09/2017  16:00,1,152,152,10/24/2016  12:00,1,180,137,14XX S 19TH AVE,6,180,23,STREET / ROADWAY / ALLEY / SIDEWALK,58
MOTOR VEHICLE THEFT,85008.0,729,729,201700001341190,1,728,715,05/21/2017  22:00,2,629,626,07/05/2017  14:00,2,729,337,36XX E MCDOWELL RD,21,718,30,PARKING LOT,241
MOTOR VEHICLE THEFT,85009.0,867,867,201700001845702,1,864,852,06/19/2017  02:00,2,693,684,10/15/2016  11:00,2,867,470,41XX W MCDOWELL RD,26,863,37,PARKING LOT,225
MOTOR VEHICLE THEFT,85012.0,55,55,201600000727195,1,55,55,06/12/2017  10:30,1,46,46,11/01/2017  07:00,1,55,40,30XX N 7TH ST,4,54,13,PARKING LOT,22
MOTOR VEHICLE THEFT,85013.0,224,224,201600000747885,1,224,224,04/01/2016  23:30,1,192,191,03/06/2017  08:00,2,224,122,7XX W CAMELBACK RD,8,221,25,PARKING LOT,69
MOTOR VEHICLE THEFT,85014.0,180,180,201700000713357,1,180,180,03/10/2017  21:30,1,148,148,04/14/2017  15:00,1,180,125,41XX N LONGVIEW AVE,5,180,25,PARKING LOT,54
MOTOR VEHICLE THEFT,85015.0,580,580,201700001195605,1,579,576,09/29/2017  23:00,2,503,502,10/04/2016  07:00,2,580,229,24XX W CAMPBELL AVE,21,578,30,PARKING LOT,252
MOTOR VEHICLE THEFT,85016.0,339,339,201700001574252,1,338,335,04/23/2016  00:01,2,301,299,12/08/2016  07:00,2,339,177,38XX N 28TH ST,14,337,29,PARKING LOT,135
MOTOR VEHICLE THEFT,85017.0,630,630,201600001844015,1,629,619,07/25/2016  19:00,2,536,533,04/17/2017  09:00,2,630,274,32XX W INDIAN SCHOOL RD,27,627,35,PARKING LOT,222
MOTOR VEHICLE THEFT,85018.0,237,237,201600001949658,1,237,234,04/12/2016  00:05,2,209,207,03/09/2016  12:27,2,237,124,51XX N 40TH ST,14,235,19,PARKING LOT,98
MOTOR VEHICLE THEFT,85019.0,443,443,201600002288553,1,443,440,12/15/2015  23:00,2,386,381,12/16/2015  07:00,3,443,191,41XX W GLENDALE AVE,22,440,28,PARKING LOT,135
MOTOR VEHICLE THEFT,85020.0,276,276,201500002257131,1,274,274,09/11/2017  13:17,1,251,250,11/19/2015  07:00,2,276,175,13XX E NORTHERN AVE,18,272,30,PARKING LOT,86
MOTOR VEHICLE THEFT,85021.0,424,424,201600002010663,1,423,420,04/12/2016  20:30,2,366,363,03/01/2017  15:00,2,424,181,23XX W DUNLAP AVE,14,422,30,PARKING LOT,168
MOTOR VEHICLE THEFT,85022.0,331,331,201600000335423,1,331,328,11/05/2015  00:01,2,307,302,01/18/2016  08:00,2,331,165,162XX N 7TH ST,26,330,33,PARKING LOT,98
MOTOR VEHICLE THEFT,85023.0,308,308,201600002351231,1,306,306,12/11/2016  12:00,1,276,276,05/07/2016  08:00,1,308,120,11XX W BELL RD,18,307,31,PARKING LOT,115
MOTOR VEHICLE THEFT,85024.0,93,93,201700001961188,1,93,93,12/24/2016  11:04,1,87,87,06/29/2016  14:56,1,93,64,204XX N 7TH ST,8,93,20,SINGLE FAMILY HOUSE,24
MOTOR VEHICLE THEFT,85027.0,290,290,201700000347799,1,290,288,03/20/2017  11:00,3,260,257,03/20/2017  16:00,3,290,171,208XX N 27TH AVE,20,290,31,PARKING LOT,82
MOTOR VEHICLE THEFT,85028.0,33,33,201700000352336,1,33,32,07/28/2017  18:00,2,32,32,10/29/2016  15:00,1,33,27,26XX E CACTUS RD,3,32,10,SINGLE FAMILY HOUSE,9
MOTOR VEHICLE THEFT,85029.0,453,453,201700000256527,1,453,451,04/20/2016  23:00,2,401,401,01/28/2016  15:00,1,453,220,110XX N BILTMORE DR,28,451,29,PARKING LOT,164
MOTOR VEHICLE THEFT,85031.0,408,408,201600001310347,1,406,402,11/04/2015  02:00,2,340,338,03/04/2017  12:30,2,408,218,54XX W INDIAN SCHOOL RD,24,404,33,SINGLE FAMILY HOUSE,107
MOTOR VEHICLE THEFT,85032.0,327,327,201600001782656,1,327,327,08/07/2017  06:55,1,284,284,03/22/2017  21:52,1,327,223,45XX E CACTUS RD,8,324,26,PARKING LOT,99
MOTOR VEHICLE THEFT,85033.0,727,727,201600000022660,1,724,714,06/22/2017  17:00,2,623,618,12/21/2016  04:00,2,727,358,70XX W INDIAN SCHOOL RD,79,723,24,PARKING LOT,184
MOTOR VEHICLE THEFT,85034.0,318,318,201700001305929,1,318,314,01/30/2016  00:01,2,229,228,08/25/2017  12:01,2,318,137,18XX E SKY HARBOR CIR S,33,316,30,PARKING LOT,87
MOTOR VEHICLE THEFT,85035.0,700,700,201600002325809,1,699,691,10/09/2016  22:00,2,608,600,11/04/2015  11:15,2,700,301,25XX N 83RD AVE,33,695,31,PARKING LOT,229
MOTOR VEHICLE THEFT,85037.0,397,397,201600001785079,1,397,395,12/03/2016  00:00,2,339,338,12/06/2016  08:30,2,397,269,38XX N 83RD AVE,12,397,22,SINGLE FAMILY HOUSE,124
MOTOR VEHICLE THEFT,85040.0,474,474,201600001645889,1,474,472,10/13/2017  23:00,2,412,409,04/16/2017  09:00,2,474,287,3XX E ROESER RD,14,473,32,PARKING LOT,127
MOTOR VEHICLE THEFT,85041.0,798,798,201700000701377,1,797,787,12/23/2016  19:00,2,673,668,11/18/2016  06:00,2,798,506,9XX W ALTA VISTA RD,17,795,39,STREET / ROADWAY / ALLEY / SIDEWALK,220
MOTOR VEHICLE THEFT,85042.0,367,367,201700000096935,1,367,363,06/18/2016  18:30,2,322,320,09/28/2016  07:30,2,367,239,44XX E BASELINE RD,12,364,33,STREET / ROADWAY / ALLEY / SIDEWALK,85
MOTOR VEHICLE THEFT,85043.0,628,628,201700000641712,1,627,622,09/13/2016  19:00,2,535,530,04/28/2017  04:00,2,628,287,56XX W MCDOWELL RD,26,620,33,PARKING LOT,194
MOTOR VEHICLE THEFT,85044.0,172,172,201700000217373,1,171,170,02/03/2017  12:00,2,153,152,07/17/2017  06:30,2,172,100,132XX S 48TH ST,7,172,20,PARKING LOT,73
MOTOR VEHICLE THEFT,85045.0,4,4,201700002010483,1,4,4,09/24/2016  05:15,1,4,4,09/24/2016  08:09,1,4,4,12XX S 18TH AVE,1,4,4,SINGLE FAMILY HOUSE,1
MOTOR VEHICLE THEFT,85048.0,66,66,201600001830749,1,66,66,03/11/2017  01:24,1,55,55,06/13/2017  11:17,1,66,47,38XX E LAKEWOOD PKWY E,9,66,8,PARKING LOT,23
MOTOR VEHICLE THEFT,85050.0,52,52,201600001564705,1,52,52,01/19/2016  14:31,1,47,47,02/20/2016  07:00,1,52,46,211XX N TATUM BLVD,5,51,15,SINGLE FAMILY HOUSE,14
MOTOR VEHICLE THEFT,85051.0,539,539,201600000985565,1,538,531,03/19/2017  22:30,2,468,462,08/06/2016  12:00,2,539,264,35XX W DUNLAP AVE,18,531,33,PARKING LOT,157
MOTOR VEHICLE THEFT,85053.0,219,219,201700001722059,1,219,219,05/20/2016  11:00,1,190,190,03/14/2017  19:35,1,219,120,33XX W GREENWAY RD,12,216,21,PARKING LOT,67
MOTOR VEHICLE THEFT,85054.0,29,29,201700000161652,1,29,29,12/11/2016  12:00,1,24,24,07/24/2017  11:20,1,29,15,53XX E MARRIOTT DR,7,29,10,PARKING LOT,12
MOTOR VEHICLE THEFT,85083.0,14,14,201600000239975,1,14,14,10/22/2017  01:00,1,13,13,07/16/2016  09:00,1,14,14,51XX W SWAYBACK PASS,1,14,6,SINGLE FAMILY HOUSE,6
MOTOR VEHICLE THEFT,85085.0,48,48,201600002289200,1,48,48,11/20/2016  07:23,1,46,46,11/20/2016  07:23,1,48,36,25XX W HAPPY VALLEY RD,5,47,16,PARKING LOT,9
MOTOR VEHICLE THEFT,85086.0,22,22,201600000012558,1,22,22,08/09/2017  09:30,1,18,18,06/16/2017  07:20,1,22,20,41XX W SUMMIT WALK DR,2,22,9,SINGLE FAMILY HOUSE,7
MOTOR VEHICLE THEFT,85087.0,4,4,201600002060332,1,4,4,08/17/2016  21:00,1,4,4,08/17/2016  21:07,1,4,3,42XX W ANTHEM WAY,2,4,3,PARKING LOT,2
MOTOR VEHICLE THEFT,85204.0,1,1,201700000133212,1,1,1,01/15/2017  12:00,1,1,1,01/17/2017  12:00,1,1,1,5XX E SOUTHERN AVE,1,1,1,STREET / ROADWAY / ALLEY / SIDEWALK,1
MOTOR VEHICLE THEFT,85213.0,1,1,201700001846575,1,1,1,10/19/2017  18:30,1,1,1,10/20/2017  04:30,1,1,1,27XX N 32ND ST,1,1,1,PARKING LOT,1
MOTOR VEHICLE THEFT,85226.0,1,1,201600001871920,1,1,1,10/08/2016  00:30,1,1,1,10/08/2016  07:15,1,1,1,35XX W IRONWOOD DR,1,1,1,DRIVEWAY,1
MOTOR VEHICLE THEFT,85234.0,1,1,201600001656143,1,1,1,09/05/2016  18:00,1,1,1,09/06/2016  07:00,1,1,1,16XX E REDFIELD RD,1,1,1,DRIVEWAY,1
MOTOR VEHICLE THEFT,85251.0,1,1,201600002161003,1,1,1,11/18/2016  18:00,1,1,1,11/20/2016  12:00,1,1,1,60XX E CAMELBACK RD,1,1,1,PARKING LOT,1
MOTOR VEHICLE THEFT,85253.0,2,2,201600000597340,1,2,2,03/31/2016  22:33,1,2,2,05/07/2016  07:00,1,2,1,53XX E SHEA BLVD,2,2,1,PARKING LOT,2
MOTOR VEHICLE THEFT,85254.0,80,80,201600000985113,1,80,79,09/14/2016  18:00,2,73,72,09/15/2016  07:00,2,80,67,48XX E DESERT COVE AVE,3,80,12,SINGLE FAMILY HOUSE,27
MOTOR VEHICLE THEFT,85255.0,4,4,201600002017922,1,4,4,09/18/2017  19:30,1,4,4,09/06/2016  08:45,1,4,2,172XX N SCOTTSDALE RD,3,4,3,APARTMENT,2
MOTOR VEHICLE THEFT,85257.0,1,1,201600002173951,1,1,1,11/23/2016  05:10,1,1,1,11/23/2016  17:30,1,1,1,66XX E LATHAM ST,1,1,1,PARKING LOT,1
MOTOR VEHICLE THEFT,85281.0,1,1,201700001741326,1,1,1,08/31/2017  16:30,1,0,0,,,1,1,16XX S PRIEST DR,1,1,1,OFFICE / COMMERCIAL BUILDING,1
MOTOR VEHICLE THEFT,85301.0,3,3,201600002143995,1,3,3,11/17/2016  21:00,1,3,3,11/18/2016  05:30,1,3,3,57XX N 43RD DR,1,3,3,PARKING LOT,1
MOTOR VEHICLE THEFT,85302.0,1,1,201600001823533,1,1,1,09/28/2016  08:00,1,1,1,09/30/2016  21:42,1,1,1,59XX W ROYAL PALM RD,1,1,1,DRIVEWAY,1
MOTOR VEHICLE THEFT,85303.0,3,3,201700002046850,1,3,3,05/07/2017  13:30,1,2,2,10/31/2017  23:00,1,3,2,58XX N 67TH AVE,2,3,3,PARKING LOT,1
MOTOR VEHICLE THEFT,85304.0,27,27,201700000700824,1,27,27,05/20/2016  11:00,1,22,22,03/19/2016  08:00,1,27,24,118XX N 45TH AVE,2,27,8,SINGLE FAMILY HOUSE,15
MOTOR VEHICLE THEFT,85306.0,48,48,201700000102692,1,48,48,08/31/2016  10:00,1,42,42,01/04/2017  08:15,1,48,28,142XX N 51ST AVE,12,48,11,APARTMENT,12
MOTOR VEHICLE THEFT,85307.0,23,23,201700000561368,1,23,23,11/01/2015  00:00,1,20,20,12/09/2016  13:00,1,23,11,51XX N 99TH AVE,10,23,6,PARKING LOT,7
MOTOR VEHICLE THEFT,85308.0,115,115,201700001068649,1,115,115,09/18/2016  10:00,1,101,101,10/24/2016  12:00,1,115,87,41XX W UNION HILLS DR,8,115,16,SINGLE FAMILY HOUSE,40
MOTOR VEHICLE THEFT,85310.0,26,26,201700001445180,1,26,26,03/30/2017  18:12,1,21,21,09/20/2017  07:00,1,26,25,65XX W WEST WIND DR,2,25,7,SINGLE FAMILY HOUSE,13
MOTOR VEHICLE THEFT,85326.0,1,1,201600001620556,1,1,1,08/31/2016  10:30,1,0,0,,,1,1,12XX S 222ND LN,1,1,1,HOSPITAL,1
MOTOR VEHICLE THEFT,85331.0,21,21,201600001056019,1,21,21,04/30/2017  14:30,1,18,17,05/01/2017  07:00,2,21,14,292XX N CAVE CREEK RD,5,21,8,STREET / ROADWAY / ALLEY / SIDEWALK,5
MOTOR VEHICLE THEFT,85339.0,303,303,201600002302149,1,303,302,05/09/2017  19:00,2,273,269,08/20/2017  04:00,2,303,239,51XX W BASELINE RD,9,302,23,SINGLE FAMILY HOUSE,124
MOTOR VEHICLE THEFT,85345.0,1,1,201600000398257,1,1,1,03/02/2016  15:55,1,1,1,03/02/2016  16:15,1,1,1,102XX N 86TH AVE,1,1,1,SINGLE FAMILY HOUSE,1
MOTOR VEHICLE THEFT,85353.0,194,194,201700001267876,1,193,190,04/21/2017  17:00,2,166,164,07/14/2017  05:44,3,194,156,103XX W MIAMI ST,4,190,20,SINGLE FAMILY HOUSE,58
MOTOR VEHICLE THEFT,85382.0,1,1,201600000822337,1,1,1,05/04/2016  15:00,1,1,1,05/04/2016  15:40,1,1,1,71XX W GRANDVIEW RD,1,1,1,APARTMENT,1
MOTOR VEHICLE THEFT,85396.0,1,1,201700001423294,1,1,1,08/10/2017  17:00,1,1,1,08/11/2017  15:00,1,1,1,75XX W THOMAS RD,1,1,1,PARKING LOT,1
MURDER AND NON-NEGLIGENT MANSLAUGHTER,85003.0,2,2,201600002394166,1,2,2,10/31/2016  12:00,1,2,2,02/17/2016  03:30,1,2,2,8XX N 3RD AVE,1,2,2,PARK / PLAYGROUND,1
MURDER AND NON-NEGLIGENT MANSLAUGHTER,85004.0,5,5,201700001782170,1,5,5,10/07/2017  00:00,1,3,3,10/10/2017  17:21,1,5,5,E GRANT ST & S 3RD ST,1,5,4,APARTMENT,2
MURDER AND NON-NEGLIGENT MANSLAUGHTER,85006.0,12,12,201600002185043,1,12,12,12/16/2015  12:45,1,10,10,06/07/2016  11:00,1,12,12,5XX N 10TH ST,1,12,6,SINGLE FAMILY HOUSE,6
MURDER AND NON-NEGLIGENT MANSLAUGHTER,85007.0,15,15,201700000697904,1,15,15,09/21/2017  01:35,1,8,8,09/28/2016  19:20,1,15,15,12XX W PIMA ST,1,14,7,SINGLE FAMILY HOUSE,4
MURDER AND NON-NEGLIGENT MANSLAUGHTER,85008.0,20,20,201600001087218,1,20,19,06/29/2017  07:20,2,11,11,06/29/2017  07:31,1,20,20,21XX N 46TH ST,1,20,8,STREET / ROADWAY / ALLEY / SIDEWALK,7
MURDER AND NON-NEGLIGENT MANSLAUGHTER,85009.0,13,13,201600000890267,1,13,13,07/14/2017  17:07,1,7,7,07/14/2017  17:07,1,13,12,16XX N BLACK CANYON FWY,2,13,8,SINGLE FAMILY HOUSE,3
MURDER AND NON-NEGLIGENT MANSLAUGHTER,85012.0,2,2,201700000544097,1,2,2,03/29/2017  05:00,1,1,1,03/29/2017  19:02,1,2,2,XX W MINNEZONA AVE,1,2,1,APARTMENT,2
MURDER AND NON-NEGLIGENT MANSLAUGHTER,85013.0,1,1,201600001508594,1,1,1,08/15/2016  03:47,1,0,0,,,1,1,9XX W CAMELBACK RD,1,1,1,PARKING LOT,1
MURDER AND NON-NEGLIGENT MANSLAUGHTER,85014.0,4,4,201700001346813,1,4,4,11/21/2016  23:43,1,3,3,06/24/2016  11:52,1,4,4,40XX N 14TH PL,1,4,3,SINGLE FAMILY HOUSE,2
MURDER AND NON-NEGLIGENT MANSLAUGHTER,85015.0,19,19,201600000311141,1,19,19,11/08/2017  00:22,1,13,13,11/22/2015  18:05,1,19,18,18XX W CAMELBACK RD,2,17,7,APARTMENT,7
MURDER AND NON-NEGLIGENT MANSLAUGHTER,85016.0,3,3,201700001761187,1,3,3,08/20/2017  15:12,1,1,1,08/11/2016  02:17,1,3,3,16XX E INDIAN SCHOOL RD,1,3,3,STREET / ROADWAY / ALLEY / SIDEWALK,1
MURDER AND NON-NEGLIGENT MANSLAUGHTER,85017.0,12,12,201700001854655,1,12,12,04/22/2017  21:06,1,9,9,04/22/2017  21:06,1,12,11,42XX N 27TH AVE,2,12,7,PARKING LOT,4
MURDER AND NON-NEGLIGENT MANSLAUGHTER,85018.0,1,1,201600001108054,1,1,1,06/16/2016  00:01,1,1,1,06/16/2016  01:00,1,1,1,30XX N 32ND ST,1,1,1,APARTMENT,1
MURDER AND NON-NEGLIGENT MANSLAUGHTER,85019.0,4,4,201600001407493,1,4,4,12/10/2015  00:43,1,3,3,12/10/2015  00:43,1,4,4,35XX W MEADOWBROOK AVE,1,2,2,CONVENIENCE MARKET / STORE,1
MURDER AND NON-NEGLIGENT MANSLAUGHTER,85020.0,5,5,201700000774503,1,5,5,03/26/2016  22:00,1,5,5,10/21/2017  12:35,1,5,5,111XX N 7TH ST,1,5,5,HOTEL / MOTEL,1
MURDER AND NON-NEGLIGENT MANSLAUGHTER,85021.0,10,10,201700001127476,1,10,10,10/20/2016  22:22,1,10,10,08/19/2017  20:34,1,10,9,9XX W HATCHER RD,2,10,7,STREET / ROADWAY / ALLEY / SIDEWALK,2
MURDER AND NON-NEGLIGENT MANSLAUGHTER,85022.0,4,4,201600002315883,1,4,4,12/16/2016  14:30,1,4,4,12/17/2016  08:15,1,4,4,8XX E BELL RD,1,4,3,APARTMENT,2
MURDER AND NON-NEGLIGENT MANSLAUGHTER,85023.0,4,4,201600001443330,1,4,4,06/02/2016  02:05,1,3,3,06/02/2016  02:05,1,4,4,20XX W UNION HILLS DR,1,4,3,APARTMENT,2
MURDER AND NON-NEGLIGENT MANSLAUGHTER,85024.0,4,4,201700001314430,1,4,4,05/10/2017  15:30,1,4,4,07/28/2017  16:04,1,4,4,224XX N 20TH PL,1,4,3,SINGLE FAMILY HOUSE,2
MURDER AND NON-NEGLIGENT MANSLAUGHTER,85027.0,3,3,201700001976041,1,3,3,03/11/2017  20:00,1,3,3,07/04/2017  13:02,1,3,3,10XX W ORAIBI DR,1,3,3,APARTMENT,1
MURDER AND NON-NEGLIGENT MANSLAUGHTER,85029.0,8,8,201500002449580,1,8,8,12/25/2015  22:21,1,6,6,03/20/2017  14:49,1,8,7,18XX W CHOLLA ST,2,8,4,APARTMENT,3
MURDER AND NON-NEGLIGENT MANSLAUGHTER,85031.0,10,10,201600000471874,1,10,10,03/13/2016  18:53,1,7,7,04/24/2016  03:00,1,10,10,51XX W CAMELBACK RD,1,9,5,SINGLE FAMILY HOUSE,4
MURDER AND NON-NEGLIGENT MANSLAUGHTER,85032.0,12,12,201700000557195,1,12,12,06/16/2017  02:06,1,9,9,06/16/2017  02:06,1,12,12,160XX N 25TH ST,1,11,7,SINGLE FAMILY HOUSE,4
MURDER AND NON-NEGLIGENT MANSLAUGHTER,85033.0,15,15,201700000379823,1,15,15,05/29/2016  13:47,1,11,11,03/05/2017  21:26,1,15,14,75XX W CRITTENDEN LN,2,15,7,PARKING LOT,5
MURDER AND NON-NEGLIGENT MANSLAUGHTER,85034.0,4,4,201700000461990,1,4,4,03/17/2017  03:10,1,4,4,03/17/2017  03:24,1,4,4,25XX E VAN BUREN ST,1,4,4,HOTEL / MOTEL,1
MURDER AND NON-NEGLIGENT MANSLAUGHTER,85035.0,11,11,201600001528318,1,11,11,06/12/2016  03:01,1,8,8,09/13/2016  20:33,1,11,9,60XX W THOMAS RD,2,10,3,APARTMENT,5
MURDER AND NON-NEGLIGENT MANSLAUGHTER,85037.0,4,4,201700001811332,1,4,4,10/15/2017  01:57,1,3,3,04/20/2017  03:00,1,4,4,88XX W CLARENDON AVE,1,4,4,OPEN SPACE / DESERT,1
MURDER AND NON-NEGLIGENT MANSLAUGHTER,85040.0,8,8,201700000568198,1,8,8,06/24/2017  00:30,1,4,4,06/24/2017  12:41,1,8,7,10XX E ROMLEY AVE,2,7,4,STREET / ROADWAY / ALLEY / SIDEWALK,3
MURDER AND NON-NEGLIGENT MANSLAUGHTER,85041.0,14,14,201500002286689,1,14,14,06/04/2016  04:00,1,7,7,08/26/2017  00:11,1,14,14,60XX S 2ND AVE,1,14,6,PARKING LOT,4
MURDER AND NON-NEGLIGENT MANSLAUGHTER,85042.0,8,8,201600001461769,1,8,8,01/01/2017  22:06,1,8,8,01/01/2017  22:11,1,8,8,32XX E FREMONT RD,1,8,5,SINGLE FAMILY HOUSE,4
MURDER AND NON-NEGLIGENT MANSLAUGHTER,85043.0,16,16,201700001302974,1,16,15,07/08/2017  17:30,2,11,11,10/28/2017  05:47,1,16,15,2XX N 64TH DR,2,16,11,STREET / ROADWAY / ALLEY / SIDEWALK,3
MURDER AND NON-NEGLIGENT MANSLAUGHTER,85044.0,2,2,201700000449310,1,2,2,03/19/2017  12:49,1,1,1,03/15/2017  04:33,1,2,2,136XX S 38TH WAY,1,2,2,CONDO / TOWNHOUSE,1
MURDER AND NON-NEGLIGENT MANSLAUGHTER,85045.0,1,1,201700001546603,1,1,1,09/03/2017  01:52,1,1,1,09/03/2017  03:51,1,1,1,7XX S 18TH AVE,1,1,1,STREET / ROADWAY / ALLEY / SIDEWALK,1
MURDER AND NON-NEGLIGENT MANSLAUGHTER,85050.0,1,1,201700000545922,1,1,1,03/30/2017  03:35,1,0,0,,,1,1,194XX N CAVE CREEK RD,1,1,1,VEHICLE,1
MURDER AND NON-NEGLIGENT MANSLAUGHTER,85051.0,9,9,201700000266181,1,9,9,06/05/2016  22:25,1,5,5,05/11/2017  21:31,1,9,9,30XX W DUNLAP AVE,1,9,6,STREET / ROADWAY / ALLEY / SIDEWALK,4
MURDER AND NON-NEGLIGENT MANSLAUGHTER,85053.0,2,2,201600002174043,1,2,2,11/23/2016  18:40,1,2,2,04/26/2017  21:12,1,2,2,36XX W KATHLEEN RD,1,2,2,DRIVEWAY,1
MURDER AND NON-NEGLIGENT MANSLAUGHTER,85304.0,5,5,201500002329246,1,5,4,02/23/2016  04:43,2,3,2,02/23/2016  06:30,2,5,2,48XX W SUNNYSIDE AVE,4,5,1,SINGLE FAMILY HOUSE,5
MURDER AND NON-NEGLIGENT MANSLAUGHTER,85308.0,4,4,201600001815637,1,4,4,07/29/2017  22:09,1,3,3,07/19/2017  17:03,1,4,4,43XX W BELL RD,1,4,3,PARKING LOT,2
MURDER AND NON-NEGLIGENT MANSLAUGHTER,85339.0,7,7,201600000719684,1,7,7,12/12/2016  13:56,1,4,4,05/18/2016  14:27,1,7,7,53XX W NOVAK WAY,1,7,6,SINGLE FAMILY HOUSE,2
MURDER AND NON-NEGLIGENT MANSLAUGHTER,85353.0,5,5,201700001407771,1,5,5,08/11/2017  23:50,1,2,2,08/12/2017  00:55,1,5,5,83XX W WATKINS ST,1,4,2,SINGLE FAMILY HOUSE,3
RAPE,85003.0,47,47,201700001803838,1,47,47,12/28/2016  00:01,1,39,39,03/21/2016  13:00,1,47,29,21XX N CENTRAL AVE,13,47,11,SINGLE FAMILY HOUSE,12
RAPE,85004.0,37,37,201600002076792,1,37,37,02/11/2017  12:00,1,24,24,11/19/2016  03:00,1,37,29,1XX N 2ND ST,3,37,13,HOTEL / MOTEL,12
RAPE,85006.0,90,90,201600000241983,1,90,89,10/01/2016  12:00,2,58,58,10/28/2017  17:54,1,90,49,11XX E MCDOWELL RD,13,90,15,SINGLE FAMILY HOUSE,24
RAPE,85007.0,64,64,201700000380728,1,64,64,02/05/2017  09:30,1,44,44,05/23/2017  09:00,1,64,52,2XX S 12TH AVE,4,62,15,SINGLE FAMILY HOUSE,14
RAPE,85008.0,104,104,201600000849040,1,103,103,11/03/2017  12:00,1,70,70,07/10/2016  02:50,1,104,77,26XX E ROOSEVELT ST,10,103,17,APARTMENT,39
RAPE,85009.0,78,78,201600002393122,1,78,78,12/05/2016  00:00,1,54,54,09/30/2017  19:00,1,78,68,26XX W VAN BUREN ST,3,78,18,SINGLE FAMILY HOUSE,30
RAPE,85012.0,17,17,201600001563616,1,17,16,02/07/2017  02:00,2,11,11,08/23/2016  09:10,1,17,12,3XX E INDIAN SCHOOL RD,3,17,7,APARTMENT,5
RAPE,85013.0,54,54,201700000375024,1,54,54,11/03/2015  19:11,1,37,37,03/17/2016  19:39,1,54,36,3XX W THOMAS RD,7,54,16,APARTMENT,17
RAPE,85014.0,54,54,201600000782623,1,53,53,04/28/2016  05:00,1,31,31,10/29/2017  06:30,1,54,40,42XX N 16TH ST,4,53,13,APARTMENT,30
RAPE,85015.0,80,80,201600001325583,1,80,79,01/01/2017  00:00,2,55,55,12/31/2016  23:00,1,80,58,20XX W BETHANY HOME RD,8,77,19,APARTMENT,27
RAPE,85016.0,52,52,201600000363681,1,52,52,02/04/2016  16:00,1,38,38,07/07/2016  05:00,1,52,43,29XX E INDIAN SCHOOL RD,4,52,13,APARTMENT,20
RAPE,85017.0,86,86,201600001780136,1,86,85,01/01/2016  00:00,2,58,58,03/31/2017  23:59,1,86,57,33XX W CAMELBACK RD,6,85,16,APARTMENT,23
RAPE,85018.0,23,23,201700002001535,1,22,22,04/05/2016  10:40,1,16,16,12/06/2016  11:30,1,23,20,41XX E INDIAN SCHOOL RD,2,23,7,APARTMENT,11
RAPE,85019.0,44,44,201600000517940,1,44,43,10/01/2017  00:00,2,32,32,11/07/2017  20:30,1,44,37,40XX W CAMELBACK RD,3,44,11,SINGLE FAMILY HOUSE,18
RAPE,85020.0,50,50,201700001149783,1,50,49,06/01/2016  00:01,2,39,39,10/08/2017  00:00,1,50,35,2XX E DUNLAP AVE,11,49,12,APARTMENT,21
RAPE,85021.0,50,50,201600002357918,1,50,50,07/09/2017  02:00,1,34,34,12/21/2016  22:33,1,50,39,N 19TH AVE & W DUNLAP AVE,2,50,13,APARTMENT,25
RAPE,85022.0,37,37,201700001137030,1,37,37,09/05/2016  16:30,1,34,34,03/23/2017  15:00,1,37,30,162XX N 7TH ST,4,37,7,APARTMENT,16
RAPE,85023.0,38,38,201600002375118,1,38,38,08/05/2016  13:06,1,32,32,08/05/2016  13:06,1,38,32,17XX W BELL RD,3,38,10,SINGLE FAMILY HOUSE,14
RAPE,85024.0,9,9,201600001278249,1,9,9,07/20/2016  21:12,1,6,6,07/20/2016  21:12,1,9,8,17XX E UNION HILLS DR,2,9,7,APARTMENT,2
RAPE,85027.0,45,45,201600001138340,1,45,44,08/14/2017  10:00,2,32,32,11/09/2016  05:28,1,45,28,198XX N 27TH AVE,8,44,10,APARTMENT,15
RAPE,85028.0,7,7,201600000709218,1,7,7,06/20/2016  00:00,1,7,7,03/05/2017  00:00,1,7,7,29XX E LAUREL LN,1,7,5,SINGLE FAMILY HOUSE,3
RAPE,85029.0,64,64,201600001078717,1,64,64,04/27/2016  23:00,1,46,46,10/24/2017  06:07,1,64,53,108XX N 43RD AVE,3,64,11,SINGLE FAMILY HOUSE,20
RAPE,85031.0,54,54,201800001090818,1,54,54,09/01/2017  12:22,1,36,36,06/19/2016  04:23,1,54,36,51XX W CAMPBELL AVE,7,54,16,SINGLE FAMILY HOUSE,21
RAPE,85032.0,70,70,201600001022239,1,70,70,08/11/2016  19:08,1,59,58,09/30/2017  00:00,2,70,59,39XX E BELL RD,5,69,18,SINGLE FAMILY HOUSE,23
RAPE,85033.0,53,53,201700001933471,1,53,53,11/01/2015  10:00,1,40,40,04/13/2016  16:00,1,53,46,67XX W INDIAN SCHOOL RD,4,52,12,SINGLE FAMILY HOUSE,31
RAPE,85034.0,40,40,201700002017212,1,40,40,10/23/2017  21:00,1,25,25,04/26/2016  18:06,1,40,29,24XX E VAN BUREN ST,4,40,13,HOTEL / MOTEL,12
RAPE,85035.0,37,37,201600001746843,1,37,37,09/19/2016  22:00,1,27,27,03/11/2017  10:00,1,37,32,26XX N 51ST AVE,3,36,7,SINGLE FAMILY HOUSE,16
RAPE,85037.0,49,49,201600001899251,1,49,49,01/01/2017  00:01,1,41,41,01/28/2016  19:30,1,49,39,92XX W THOMAS RD,10,48,14,SINGLE FAMILY HOUSE,20
RAPE,85040.0,40,40,201700000745758,1,40,40,07/01/2017  15:45,1,23,22,11/13/2016  09:00,2,40,38,23XX E WIER AVE,2,40,10,SINGLE FAMILY HOUSE,20
RAPE,85041.0,65,65,201600002241746,1,65,65,04/23/2016  22:00,1,47,47,05/13/2017  01:00,1,65,60,16XX W CHANUTE PASS,2,65,11,SINGLE FAMILY HOUSE,35
RAPE,85042.0,47,47,201600000854598,1,47,46,06/01/2017  00:00,2,35,35,01/01/2018  23:59,1,47,40,45XX E BASELINE RD,3,47,12,SINGLE FAMILY HOUSE,25
RAPE,85043.0,50,50,201700000157426,1,49,46,01/01/2016  00:00,3,34,34,07/04/2017  23:00,1,50,37,48XX W MCDOWELL RD,4,50,12,SINGLE FAMILY HOUSE,17
RAPE,85044.0,25,25,201600001824912,1,25,25,10/23/2016  00:30,1,20,20,07/23/2017  23:34,1,25,19,132XX S 48TH ST,3,25,8,APARTMENT,13
RAPE,85045.0,2,2,201700000984355,1,2,2,11/30/2015  23:00,1,1,1,06/06/2017  03:00,1,2,2,5XX W MOUNTAIN VISTA DR,1,2,1,SINGLE FAMILY HOUSE,2
RAPE,85048.0,18,18,201500002477796,1,18,18,06/09/2017  02:00,1,12,12,01/07/2017  01:00,1,18,17,164XX S 32ND ST,2,18,6,SINGLE FAMILY HOUSE,13
RAPE,85050.0,14,14,201800000183404,1,14,14,03/02/2017  21:30,1,12,12,10/04/2016  13:09,1,14,14,190XX N 28TH PL,1,14,6,SINGLE FAMILY HOUSE,8
RAPE,85051.0,91,91,201600001087822,1,91,88,08/01/2017  00:00,2,72,71,05/31/2017  23:59,2,91,66,81XX N BLACK CANYON AC,5,88,14,APARTMENT,26
RAPE,85053.0,32,32,201700001593629,1,32,32,04/29/2017  04:35,1,23,23,09/04/2017  23:00,1,32,25,184XX N 27TH AVE,2,32,9,SINGLE FAMILY HOUSE,10
RAPE,85054.0,7,7,201700001506096,1,7,7,08/15/2017  20:00,1,3,3,07/20/2016  10:30,1,7,7,52XX E MARRIOTT DR,1,7,4,APARTMENT,2
RAPE,85083.0,3,3,201700000550004,1,3,3,03/28/2017  01:00,1,3,3,12/15/2017  14:25,1,3,3,51XX W SWAYBACK PASS,1,3,3,UNKNOWN,1
RAPE,85085.0,4,4,201700000933605,1,4,4,10/13/2017  00:01,1,3,3,08/26/2017  03:00,1,4,4,23XX W ZENITH LN,1,4,3,SINGLE FAMILY HOUSE,2
RAPE,85086.0,4,4,201600001599144,1,4,4,06/18/2017  16:00,1,2,2,07/11/2017  18:40,1,4,4,46XX W STONEMAN DR,1,4,2,SINGLE FAMILY HOUSE,3
RAPE,85202.0,4,4,201600001597318,1,4,4,08/27/2016  18:30,1,3,3,08/28/2016  05:30,1,4,2,14XX S DOBSON RD,3,4,4,APARTMENT,1
RAPE,85210.0,2,2,201700000364183,1,2,2,03/01/2016  12:00,1,2,2,06/29/2016  03:30,1,2,2,18XX S LEWIS,1,2,2,HOTEL / MOTEL,1
RAPE,85224.0,1,1,201600000401261,1,1,1,03/02/2016  02:00,1,0,0,,,1,1,19XX W FRYE RD,1,1,1,SINGLE FAMILY HOUSE,1
RAPE,85225.0,2,2,201600001967051,1,2,2,06/18/2016  21:00,1,2,2,06/19/2016  00:00,1,2,2,1XX W PALOMINO DR,1,2,2,UNKNOWN,1
RAPE,85251.0,5,5,201600001432544,1,5,5,02/08/2016  19:48,1,4,4,06/07/2016  23:50,1,5,3,74XX E OSBORN RD,3,5,4,HOTEL / MOTEL,2
RAPE,85254.0,25,25,201600001164068,1,25,25,07/01/2017  00:00,1,15,15,11/10/2017  20:01,1,25,16,55XX E THUNDERBIRD RD,9,25,12,SINGLE FAMILY HOUSE,10
RAPE,85255.0,2,2,201700000988220,1,2,2,12/03/2016  19:30,1,2,2,12/03/2016  22:45,1,2,2,172XX N SCOTTSDALE RD,1,2,2,UNKNOWN,1
RAPE,85281.0,1,1,201600001505988,1,1,1,08/14/2016  01:00,1,1,1,08/14/2016  01:00,1,1,1,15XX S MILL AVE,1,1,1,APARTMENT,1
RAPE,85282.0,1,1,201800000151513,1,1,1,10/25/2017  00:00,1,1,1,10/31/2017  00:00,1,1,1,E ROESER RD & S 48TH ST,1,1,1,SINGLE FAMILY HOUSE,1
RAPE,85290.0,1,1,201600001364551,1,1,1,07/04/2016  15:00,1,1,1,07/04/2016  15:00,1,1,1,92XX N BUSH HWY,1,1,1,PARKING LOT,1
RAPE,85295.0,1,1,201600001178974,1,1,1,06/26/2016  03:30,1,1,1,06/26/2016  04:00,1,1,1,56XX S POWER RD,1,1,1,SINGLE FAMILY HOUSE,1
RAPE,85301.0,5,5,201600001142113,1,5,5,09/17/2016  22:00,1,4,4,09/18/2016  11:00,1,5,5,58XX N 51ST AVE,1,5,4,APARTMENT,2
RAPE,85302.0,2,2,201800000333969,1,2,2,06/18/2017  00:00,1,2,2,04/26/2016  18:00,1,2,2,43XX W NORTHERN AVE,1,2,2,STREET / ROADWAY / ALLEY / SIDEWALK,1
RAPE,85304.0,6,6,201700001511245,1,6,6,08/27/2017  02:30,1,4,4,02/26/2017  07:30,1,6,5,55XX W THUNDERBIRD RD,2,6,4,SINGLE FAMILY HOUSE,2
RAPE,85306.0,7,7,201600001986441,1,7,7,10/21/2016  15:00,1,5,5,01/01/2019  00:00,1,7,7,48XX W REDFIELD RD,1,7,4,SINGLE FAMILY HOUSE,4
RAPE,85307.0,1,1,201700000145450,1,1,1,08/08/2016  00:00,1,1,1,08/08/2016  23:59,1,1,1,103XX W MISSOURI AVE,1,1,1,SINGLE FAMILY HOUSE,1
RAPE,85308.0,9,9,201600001928744,1,9,9,10/09/2016  00:30,1,3,3,12/10/2016  20:50,1,9,6,41XX W UNION HILLS DR,3,9,5,APARTMENT,3
RAPE,85310.0,9,9,201800000062142,1,9,9,12/31/2015  22:00,1,7,7,10/26/2017  13:00,1,9,9,41XX W WHISPERING WIND DR,1,9,3,SINGLE FAMILY HOUSE,7
RAPE,85323.0,1,1,201800000318057,1,1,1,05/01/2016  00:00,1,1,1,02/19/2018  16:00,1,1,1,6XX N CENTRAL AVE,1,1,1,SINGLE FAMILY HOUSE,1
RAPE,85331.0,8,8,201600000174504,1,8,8,11/15/2017  12:00,1,6,6,01/10/2017  11:12,1,8,7,47XX E PRESERVE WAY,2,8,4,SINGLE FAMILY HOUSE,5
RAPE,85339.0,36,36,201600001006374,1,36,36,01/01/2017  00:01,1,26,26,09/12/2017  01:46,1,36,28,71XX S 51ST AVE,5,36,10,SINGLE FAMILY HOUSE,22
RAPE,85345.0,1,1,201600001331639,1,1,1,07/13/2016  13:00,1,0,0,,,1,1,75XX W PEORIA AVE,1,1,1,UNKNOWN,1
RAPE,85353.0,13,13,201700001559689,1,13,13,02/20/2017  02:00,1,13,13,03/01/2017  00:01,1,13,13,26XX S 106TH LN,1,13,2,SINGLE FAMILY HOUSE,12
RAPE,85363.0,1,1,201600000636501,1,1,1,12/01/2015  00:01,1,1,1,12/31/2015  23:59,1,1,1,114XX N 113TH AVE,1,1,1,SINGLE FAMILY HOUSE,1
RAPE,85395.0,1,1,201600000224128,1,1,1,02/05/2016  16:15,1,0,0,,,1,1,136XX W MCDOWELL RD,1,1,1,UNKNOWN,1
ROBBERY,85003.0,78,78,201700001445385,1,78,78,07/16/2016  10:45,1,34,34,09/03/2017  04:00,1,78,57,6XX N 1ST AVE,6,78,17,STREET / ROADWAY / ALLEY / SIDEWALK,37
ROBBERY,85004.0,96,96,201600002358639,1,96,96,06/17/2017  18:00,1,35,35,06/17/2017  18:30,1,96,55,12XX N CENTRAL AVE,11,96,24,STREET / ROADWAY / ALLEY / SIDEWALK,25
ROBBERY,85006.0,152,152,201600002346168,1,151,151,07/09/2016  16:50,1,70,70,04/12/2016  14:52,1,152,98,16XX E ROOSEVELT ST,10,151,23,STREET / ROADWAY / ALLEY / SIDEWALK,57
ROBBERY,85007.0,130,130,201600000790413,1,129,129,02/01/2017  12:20,1,66,66,11/06/2016  11:34,1,130,77,15XX W MCDOWELL RD,8,130,19,STREET / ROADWAY / ALLEY / SIDEWALK,71
ROBBERY,85008.0,262,262,201600001628721,1,262,262,06/13/2017  00:00,1,120,120,05/07/2017  18:17,1,262,142,32XX E MCDOWELL RD,15,261,27,STREET / ROADWAY / ALLEY / SIDEWALK,65
ROBBERY,85009.0,305,305,201700000354160,1,305,304,09/03/2017  12:01,2,122,122,08/03/2017  19:29,1,305,153,42XX W MCDOWELL RD,16,304,30,STREET / ROADWAY / ALLEY / SIDEWALK,76
ROBBERY,85012.0,35,35,201700001963001,1,35,35,09/13/2017  23:00,1,17,17,11/07/2017  10:00,1,35,25,3XX E INDIAN SCHOOL RD,5,35,12,STREET / ROADWAY / ALLEY / SIDEWALK,11
ROBBERY,85013.0,133,133,201700000277453,1,133,133,02/08/2017  14:45,1,53,53,09/24/2016  19:34,1,133,69,7XX W CAMELBACK RD,12,132,27,STREET / ROADWAY / ALLEY / SIDEWALK,33
ROBBERY,85014.0,89,89,201700001418232,1,89,89,05/17/2016  13:30,1,41,41,09/29/2016  10:05,1,89,46,46XX N 12TH ST,7,89,17,CONVENIENCE MARKET / STORE,22
ROBBERY,85015.0,407,407,201600001027375,1,406,406,06/29/2016  02:50,1,175,175,01/12/2017  07:05,1,407,152,19XX W CAMELBACK RD,25,405,32,STREET / ROADWAY / ALLEY / SIDEWALK,109
ROBBERY,85016.0,125,125,201500002323274,1,125,125,06/11/2016  19:00,1,61,61,12/09/2015  19:15,1,125,76,16XX E INDIAN SCHOOL RD,8,124,22,STREET / ROADWAY / ALLEY / SIDEWALK,29
ROBBERY,85017.0,370,370,201700000301816,1,368,367,01/22/2017  00:36,2,191,191,04/13/2016  12:05,1,370,142,41XX N 27TH AVE,24,369,28,STREET / ROADWAY / ALLEY / SIDEWALK,90
ROBBERY,85018.0,70,70,201700001043237,1,70,70,05/07/2016  23:10,1,30,30,06/19/2016  00:57,1,70,41,29XX N 32ND ST,8,70,17,STREET / ROADWAY / ALLEY / SIDEWALK,23
ROBBERY,85019.0,169,169,201700000035134,1,168,168,03/23/2016  11:00,1,79,79,06/27/2017  03:39,1,169,80,35XX W CAMELBACK RD,11,169,20,STREET / ROADWAY / ALLEY / SIDEWALK,39
ROBBERY,85020.0,81,81,201600000764832,1,80,80,05/10/2017  21:51,1,48,48,07/26/2017  13:35,1,81,51,94XX N CAVE CREEK RD,7,81,20,STREET / ROADWAY / ALLEY / SIDEWALK,20
ROBBERY,85021.0,196,196,201700001369682,1,196,196,07/06/2017  16:46,1,99,99,12/29/2015  23:19,1,196,94,80XX N 19TH AVE,15,196,25,STREET / ROADWAY / ALLEY / SIDEWALK,64
ROBBERY,85022.0,91,91,201600000323133,1,91,91,06/11/2016  23:24,1,57,57,03/28/2017  20:17,1,91,57,8XX E BELL RD,6,91,17,CONVENIENCE MARKET / STORE,14
ROBBERY,85023.0,97,97,201700000818993,1,97,97,05/11/2016  15:40,1,57,57,10/08/2017  09:00,1,97,45,18XX W BELL RD,12,97,21,PARKING LOT,18
ROBBERY,85024.0,16,16,201600002174306,1,16,16,06/04/2016  10:00,1,11,11,10/17/2017  19:58,1,16,11,198XX N 7TH ST,6,16,8,CONVENIENCE MARKET / STORE,6
ROBBERY,85027.0,52,52,201600000393808,1,52,52,02/23/2017  08:58,1,29,29,01/08/2017  04:19,1,52,37,198XX N 27TH AVE,8,52,13,STREET / ROADWAY / ALLEY / SIDEWALK,15
ROBBERY,85028.0,16,16,201600002004465,1,16,16,10/18/2017  19:40,1,10,10,05/11/2017  23:14,1,16,9,47XX E SHEA BLVD,3,16,12,CONVENIENCE MARKET / STORE,3
ROBBERY,85029.0,125,125,201700001716701,1,125,125,08/17/2016  00:00,1,57,57,08/02/2017  00:10,1,125,72,106XX N 19TH AVE,8,125,23,PARKING LOT,26
ROBBERY,85031.0,198,198,201600002388194,1,197,197,08/16/2017  23:45,1,96,96,12/22/2016  07:41,1,198,89,58XX W INDIAN SCHOOL RD,18,198,25,STREET / ROADWAY / ALLEY / SIDEWALK,47
ROBBERY,85032.0,140,140,201600000267260,1,139,138,07/23/2017  23:50,2,80,80,10/23/2017  18:26,1,140,95,33XX E GREENWAY RD,6,139,20,STREET / ROADWAY / ALLEY / SIDEWALK,34
ROBBERY,85033.0,248,248,201600001637702,1,246,244,04/25/2017  07:00,2,110,109,11/17/2016  12:30,2,248,139,82XX W INDIAN SCHOOL RD,11,247,22,STREET / ROADWAY / ALLEY / SIDEWALK,75
ROBBERY,85034.0,128,128,201700000082392,1,128,128,10/13/2016  04:33,1,53,53,02/13/2017  02:54,1,128,67,24XX E VAN BUREN ST,15,128,22,STREET / ROADWAY / ALLEY / SIDEWALK,26
ROBBERY,85035.0,260,260,201600000257359,1,259,258,01/22/2016  23:00,2,124,124,02/24/2017  16:32,1,260,116,76XX W THOMAS RD,18,259,20,STREET / ROADWAY / ALLEY / SIDEWALK,59
ROBBERY,85037.0,119,119,201600001067883,1,119,118,10/08/2016  00:00,2,50,50,07/15/2016  20:36,1,119,82,83XX W INDIAN SCHOOL RD,7,118,20,STREET / ROADWAY / ALLEY / SIDEWALK,32
ROBBERY,85040.0,203,203,201700001384697,1,203,202,11/01/2016  05:00,2,98,98,06/26/2016  22:28,1,203,121,4XX E SOUTHERN AVE,9,203,24,STREET / ROADWAY / ALLEY / SIDEWALK,50
ROBBERY,85041.0,206,206,201700000942140,1,205,203,09/06/2017  14:00,2,105,105,08/04/2017  16:24,1,206,133,52XX S CENTRAL AVE,10,205,24,STREET / ROADWAY / ALLEY / SIDEWALK,62
ROBBERY,85042.0,164,164,201700000727176,1,163,162,05/21/2016  19:45,2,80,80,04/24/2016  23:30,1,164,93,XX E BASELINE RD,8,164,21,STREET / ROADWAY / ALLEY / SIDEWALK,41
ROBBERY,85043.0,207,207,201700001636733,1,206,206,01/04/2016  20:50,1,90,90,11/28/2015  02:00,1,207,113,50XX W MCDOWELL RD,8,206,23,STREET / ROADWAY / ALLEY / SIDEWALK,38
ROBBERY,85044.0,50,50,201700000593227,1,50,50,12/27/2016  19:52,1,19,19,05/18/2017  14:01,1,50,30,48XX E WARNER RD,5,50,16,CONVENIENCE MARKET / STORE,11
ROBBERY,85045.0,1,1,201600001817348,1,1,1,09/30/2016  05:20,1,1,1,09/30/2016  05:30,1,1,1,18XX W PECOS RD,1,1,1,VEHICLE,1
ROBBERY,85048.0,12,12,201600000649426,1,12,12,11/07/2017  18:30,1,7,7,10/16/2017  16:22,1,12,8,39XX E CHANDLER BLVD,3,12,7,PARKING LOT,3
ROBBERY,85050.0,8,8,201600002190424,1,8,8,05/26/2016  00:11,1,6,6,02/28/2016  20:45,1,8,7,31XX E UNION HILLS DR,2,8,6,STREET / ROADWAY / ALLEY / SIDEWALK,2
ROBBERY,85051.0,264,264,201600001280921,1,264,263,01/10/2016  16:35,2,137,136,01/10/2016  16:35,2,264,125,34XX W DUNLAP AVE,24,263,25,STREET / ROADWAY / ALLEY / SIDEWALK,56
ROBBERY,85053.0,70,70,201700001340609,1,70,70,01/21/2017  16:23,1,41,41,05/02/2016  22:00,1,70,40,34XX W GREENWAY RD,6,69,19,CONVENIENCE MARKET / STORE,13
ROBBERY,85054.0,5,5,201600001036725,1,5,5,09/06/2017  22:00,1,2,2,01/14/2016  20:43,1,5,5,210XX N TATUM BLVD,1,5,3,PARKING LOT,3
ROBBERY,85083.0,4,4,201600001287859,1,4,4,08/10/2016  00:30,1,3,3,05/13/2017  23:00,1,4,4,66XX W HAPPY VALLEY RD,1,4,4,OPEN SPACE / DESERT,1
ROBBERY,85085.0,7,7,201700001593587,1,7,7,05/02/2016  18:20,1,1,1,09/02/2017  21:04,1,7,5,25XX W HAPPY VALLEY RD,3,7,5,BANK / SAVINGS / CREDIT UNION,2
ROBBERY,85086.0,6,6,201500002105223,1,6,6,03/02/2017  18:47,1,4,4,03/02/2017  18:53,1,6,4,31XX W CAREFREE HWY,2,6,5,BANK / SAVINGS / CREDIT UNION,2
ROBBERY,85251.0,1,1,201700000486564,1,1,1,03/20/2017  19:45,1,0,0,,,1,1,59XX E CAMELBACK RD,1,1,1,STREET / ROADWAY / ALLEY / SIDEWALK,1
ROBBERY,85253.0,2,2,201600001381010,1,2,2,07/06/2016  12:55,1,0,0,,,2,2,104XX N 55TH PL,1,2,1,SINGLE FAMILY HOUSE,2
ROBBERY,85254.0,26,26,201600000387100,1,26,26,03/29/2016  16:38,1,12,12,06/27/2017  20:40,1,26,19,48XX E BELL RD,4,26,11,PARKING LOT,6
ROBBERY,85260.0,1,1,201600000646345,1,1,1,04/08/2016  16:21,1,0,0,,,1,1,162XX N SCOTTSDALE RD,1,1,1,BANK / SAVINGS / CREDIT UNION,1
ROBBERY,85301.0,1,1,201700001986193,1,1,1,11/11/2017  00:00,1,1,1,11/11/2017  01:11,1,1,1,58XX W CAMELBACK RD,1,1,1,CONVENIENCE MARKET / STORE,1
ROBBERY,85303.0,1,1,201600000894674,1,1,1,05/15/2016  01:30,1,1,1,05/15/2016  01:45,1,1,1,72XX N 71ST AVE,1,1,1,VEHICLE,1
ROBBERY,85304.0,7,7,201700000489599,1,7,7,03/21/2017  11:57,1,1,1,03/21/2017  11:57,1,7,6,44XX W CACTUS RD,2,7,5,STREET / ROADWAY / ALLEY / SIDEWALK,3
ROBBERY,85306.0,10,10,201600000545955,1,10,10,10/12/2017  08:40,1,6,6,04/26/2016  21:50,1,10,9,43XX W BELL RD,2,10,6,PARKING LOT,4
ROBBERY,85307.0,4,4,201700001964413,1,4,4,11/07/2017  17:02,1,0,0,,,4,4,104XX W MISSOURI AVE,1,4,3,PARKING LOT,2
ROBBERY,85308.0,17,17,201600000299881,1,17,17,05/13/2017  15:07,1,10,10,10/28/2016  11:45,1,17,13,35XX W UNION HILLS DR,4,17,8,CONVENIENCE MARKET / STORE,6
ROBBERY,85310.0,5,5,201700001232303,1,5,5,11/06/2017  13:10,1,3,3,11/06/2017  13:11,1,5,4,66XX W HAPPY VALLEY RD,2,5,4,STREET / ROADWAY / ALLEY / SIDEWALK,2
ROBBERY,85331.0,1,1,201600001142527,1,1,1,06/21/2016  08:56,1,1,1,06/21/2016  08:56,1,1,1,49XX E CAREFREE HWY,1,1,1,RETAIL BUSINESS,1
ROBBERY,85337.0,1,1,201700000178659,1,1,1,01/30/2017  20:35,1,1,1,01/30/2017  20:36,1,1,1,3XX W PAPAGO ST,1,1,1,VEHICLE,1
ROBBERY,85339.0,114,114,201700000594763,1,114,114,06/28/2017  03:00,1,47,47,05/11/2017  12:15,1,114,70,50XX W BASELINE RD,11,114,18,STREET / ROADWAY / ALLEY / SIDEWALK,44
ROBBERY,85345.0,1,1,201600001281561,1,0,0,,,1,1,07/12/2016  00:57,1,1,1,88XX W LAWRENCE LN,1,1,1,STREET / ROADWAY / ALLEY / SIDEWALK,1
ROBBERY,85353.0,53,53,201600000052868,1,53,52,09/19/2017  02:19,2,21,21,01/12/2016  19:41,1,53,34,29XX S 99TH AVE,9,53,15,STREET / ROADWAY / ALLEY / SIDEWALK,18
